filename,text
text_00000.jpg,intel 
text_00001.jpg,CORe
text_00002.jpg,SF850 |
text_00003.jpg,5070
text_00004.jpg,WD Blue
text_00005.jpg,BAR RACUDA
text_00006.jpg,TforcE
text_00007.jpg,GSQ
text_00008.jpg,RYZEN
text_00009.jpg,RM8sO 
text_00010.jpg,intel
text_00011.jpg,CORe
text_00012.jpg,Intel
text_00013.jpg,CORe
text_00014.jpg,UNLOCKED
text_00015.jpg,intel
text_00016.jpg,CORe
text_00017.jpg,CORe
text_00018.jpg,AMDA
text_00019.jpg,AMDJ
text_00020.jpg,AMDE
text_00021.jpg,RYZEN
text_00022.jpg,Intel
text_00023.jpg,CORe
text_00024.jpg,UNLOCKED
text_00025.jpg,AMDA
text_00026.jpg,RYZEN
text_00027.jpg,RONWOLF
text_00028.jpg,RYZEN
text_00029.jpg,990 PRO
text_00030.jpg,crucial
text_00031.jpg,AMDA
text_00032.jpg,crucial
text_00033.jpg,SAMSUNG
text_00034.jpg,SSD980
text_00035.jpg,SAMSUNG
text_00036.jpg,CORe
text_00037.jpg,3
text_00038.jpg,5090
text_00039.jpg,RiX
text_00040.jpg,VENGEANC=
text_00041.jpg,'ENGEANC=
text_00042.jpg,9100
text_00043.jpg,2wR
text_00044.jpg,TCREATE
text_00045.jpg,DDRS
text_00046.jpg,NVMe PCle M.2 2280 SSD
text_00047.jpg,SAMSUNG
text_00048.jpg,Solid State Drive
text_00049.jpg,M.2 PCle Gen
text_00050.jpg,KingSpec
text_00051.jpg,XGZOOO
text_00052.jpg,series
text_00053.jpg,"Kingston"""
text_00054.jpg,SK hynix
text_00055.jpg,Platinum P41 SSD
text_00056.jpg,PCle NVMe M.2
text_00057.jpg,G50
text_00058.jpg,GRAFHENE
text_00059.jpg,CORe
text_00060.jpg,RYZEN
text_00061.jpg,AMDAI
text_00062.jpg,RYZEN
text_00063.jpg,intel
text_00064.jpg,CORe
text_00065.jpg,chAL _
text_00066.jpg,"5070"""
text_00067.jpg,60
text_00068.jpg,980 PRO
text_00069.jpg,WD Blue
text_00070.jpg,4
text_00071.jpg,RYZEN
text_00072.jpg,intel
text_00073.jpg,CORe
text_00074.jpg,CORe
text_00075.jpg,79
text_00076.jpg,Lexar
text_00077.jpg,crucial
text_00078.jpg,VETROO
text_00079.jpg,Mose
text_00080.jpg,corsair
text_00081.jpg,intel
text_00082.jpg,"INTEL"""
text_00083.jpg,'SOLID
text_00084.jpg,SERIES
text_00085.jpg,DRIVE
text_00086.jpg,TFORCE
text_00087.jpg,TFORcE
text_00088.jpg,CorsaiR
text_00089.jpg,S EA GAT E
text_00090.jpg,BAR RAC U DA
text_00091.jpg,8
text_00092.jpg,MONTECH
text_00093.jpg,AWONTECH
text_00094.jpg,GOLD 850
text_00095.jpg,V-NAND SSD
text_00096.jpg,SAMSUWG
text_00097.jpg,990 PRO
text_00098.jpg,PCle 4.0NMe MZSSD
text_00099.jpg,1TB
text_00100.jpg,VENGEANC
text_00101.jpg,80
text_00102.jpg,TCREATE
text_00103.jpg,DDRS
text_00104.jpg,VI?ER
text_00105.jpg,VI?ER
text_00106.jpg,GSkILL
text_00107.jpg,HERMAL
text_00108.jpg,RYZZN
text_00109.jpg,AMDA
text_00110.jpg,RYZEN
text_00111.jpg,"EXOS"""
text_00112.jpg,15070
text_00113.jpg,79
text_00114.jpg,Lexar
text_00115.jpg,RMIOOOx
text_00116.jpg,AMDEI
text_00117.jpg,RYZEN
text_00118.jpg,AMD
text_00119.jpg,intel
text_00120.jpg,CORe
text_00121.jpg,Fucus
text_00122.jpg,980 PRO
text_00123.jpg,Ryzen
text_00124.jpg,RM8sOx
text_00125.jpg,RYZEN
text_00126.jpg,MUSETEX
text_00127.jpg,SMARI
text_00128.jpg,SERIES
text_00129.jpg,Thermaltake
text_00130.jpg,Heswell
text_00131.jpg,SMART:
text_00132.jpg,Joov
text_00133.jpg,intel
text_00134.jpg,Pentium 
text_00135.jpg,inside
text_00136.jpg,SKTOP
text_00137.jpg,intel
text_00138.jpg,Ei3
text_00139.jpg,nSRod
text_00140.jpg,msi
text_00141.jpg,AMDA
text_00142.jpg,RYZEN
text_00143.jpg,CORe
text_00144.jpg,urY
text_00145.jpg,IEAMGRQUP
text_00146.jpg,TurY
text_00147.jpg,256GB
text_00148.jpg,RYZEN
text_00149.jpg,STRIX
text_00150.jpg,241
text_00151.jpg,dual
text_00152.jpg,5060t
text_00153.jpg,crucial
text_00154.jpg,crucial
text_00155.jpg,RYZEN
text_00156.jpg,AMDA
text_00157.jpg,CORe
text_00158.jpg,AMDA
text_00159.jpg,RYZEN
text_00160.jpg,ANARCHY
text_00161.jpg,IOTH CEN
text_00162.jpg,COREiz
text_00163.jpg,6060
text_00164.jpg,crucial
text_00165.jpg,AMDA
text_00166.jpg,RYZEN
text_00167.jpg,RYZEN
text_00168.jpg,AMDA
text_00169.jpg,YZZNN
text_00170.jpg,intel
text_00171.jpg,CORe
text_00172.jpg,CORe
text_00173.jpg,PrIME
text_00174.jpg,POWER ZONE ?
text_00175.jpg,"6070"""
text_00176.jpg,Intel
text_00177.jpg,CORe
text_00178.jpg,intel
text_00179.jpg,CORe
text_00180.jpg,RM75O |
text_00181.jpg,AMDA
text_00182.jpg,WD Blue
text_00183.jpg,RYZEN
text_00184.jpg,intel
text_00185.jpg,CORe
text_00186.jpg,BEAST
text_00187.jpg,Kinqston
text_00188.jpg,RYZEN
text_00189.jpg,AMDA
text_00190.jpg,RYZEN
text_00191.jpg,RYZEN
text_00192.jpg,VENTUSZX
text_00193.jpg,5060
text_00194.jpg,CORe
text_00195.jpg,crucial
text_00196.jpg,AMDA
text_00197.jpg,"7""Z"
text_00198.jpg,RYZEN
text_00199.jpg,POWER ZONE ?
text_00200.jpg,120
text_00201.jpg,crucial
text_00202.jpg,=
text_00203.jpg,ESFAMILY
text_00204.jpg,VENTUs3x
text_00205.jpg,5080
text_00206.jpg,nvm 
text_00207.jpg,intel
text_00208.jpg,CORe
text_00209.jpg,AMD:
text_00210.jpg,MPLLL
text_00211.jpg,intel
text_00212.jpg,CORe
text_00213.jpg,4070
text_00214.jpg,intel
text_00215.jpg,CORe
text_00216.jpg,intel
text_00217.jpg,CORe
text_00218.jpg,CORe
text_00219.jpg,BAR RACUDA
text_00220.jpg,RYZZN
text_00221.jpg,intel
text_00222.jpg,CORe
text_00223.jpg,intel
text_00224.jpg,CORe
text_00225.jpg,"[5060"""
text_00226.jpg,"5060"""
text_00227.jpg,VENGEANCE
text_00228.jpg,AMDA
text_00229.jpg,RYZEN
text_00230.jpg,Deltn
text_00231.jpg,intel
text_00232.jpg,CORe
text_00233.jpg,STRIX
text_00234.jpg,crucial
text_00235.jpg,RYZEN
text_00236.jpg,crucial
text_00237.jpg,SF750
text_00238.jpg,2
text_00239.jpg,COREis|
text_00240.jpg,AMDA
text_00241.jpg,RYZEN
text_00242.jpg,RYZEN
text_00243.jpg,RYZEN
text_00244.jpg,BAR RACUDA
text_00245.jpg,RYZEN
text_00246.jpg,AMDE
text_00247.jpg,RYZEN
text_00248.jpg,WD Green
text_00249.jpg,AMDAI
text_00250.jpg,RYZEN
text_00251.jpg,RTX
text_00252.jpg,EAGLE
text_00253.jpg,"6070"""
text_00254.jpg,RipjAWSV
text_00255.jpg,"Ripjaws"""
text_00256.jpg,Intel
text_00257.jpg,CORe
text_00258.jpg,UNLOCKED
text_00259.jpg,"WD Blue"""
text_00260.jpg,RYZEN
text_00261.jpg,PrIME
text_00262.jpg,5070
text_00263.jpg,crucial
text_00264.jpg,RYZEN
text_00265.jpg,RYZEN
text_00266.jpg,AMDA
text_00267.jpg,AMDA
text_00268.jpg,RYZEN
text_00269.jpg,AMDA
text_00270.jpg,AMDA
text_00271.jpg,RYZEN
text_00272.jpg,AMDA
text_00273.jpg,AMDA
text_00274.jpg,RYZEN
text_00275.jpg,intel
text_00276.jpg,CORe
text_00277.jpg,UNLOCKED
text_00278.jpg,intel
text_00279.jpg,CORe
text_00280.jpg,intel
text_00281.jpg,CORe
text_00282.jpg,intel
text_00283.jpg,CORe
text_00284.jpg,AMDA
text_00285.jpg,RYZZN
text_00286.jpg,AMDA
text_00287.jpg,CORe
text_00288.jpg,AMDA
text_00289.jpg,RYZZN
text_00290.jpg,intell
text_00291.jpg,CORe
text_00292.jpg,intel
text_00293.jpg,CORe
text_00294.jpg,CORe
text_00295.jpg,AMDA
text_00296.jpg,RYZZN
text_00297.jpg,CORe
text_00298.jpg,AMDA
text_00299.jpg,RYZEN
text_00300.jpg,intel
text_00301.jpg,CORe
text_00302.jpg,intel
text_00303.jpg,CORe
text_00304.jpg,intel
text_00305.jpg,CORe
text_00306.jpg,UNLOCKED
text_00307.jpg,CORe
text_00308.jpg,intel 
text_00309.jpg,AMDA
text_00310.jpg,intel
text_00311.jpg,processor
text_00312.jpg,VHLOCHED
text_00313.jpg,CORe
text_00314.jpg,RYZEN
text_00315.jpg,AMDA
text_00316.jpg,CORe
text_00317.jpg,intel:
text_00318.jpg,CORe
text_00319.jpg,i5
text_00320.jpg,AMDA
text_00321.jpg,RYZEN
text_00322.jpg,BOODSeries
text_00323.jpg,intel
text_00324.jpg,CORe
text_00325.jpg,iel
text_00326.jpg,intel
text_00327.jpg,CORe
text_00328.jpg,RYZEN
text_00329.jpg,intel
text_00330.jpg,CORe
text_00331.jpg,intel
text_00332.jpg,CORe
text_00333.jpg,intel
text_00334.jpg,CORe
text_00335.jpg,CORe
text_00336.jpg,intel
text_00337.jpg,CORe
text_00338.jpg,intel
text_00339.jpg,CORe
text_00340.jpg,AMDA
text_00341.jpg,RYZEN
text_00342.jpg,RYZEN
text_00343.jpg,UNLOCKED
text_00344.jpg,intel
text_00345.jpg,CORe
text_00346.jpg,42
text_00347.jpg,42
text_00348.jpg,RYZEN
text_00349.jpg,CORe
text_00350.jpg,42
text_00351.jpg,42
text_00352.jpg,Ei5
text_00353.jpg,42
text_00354.jpg,42
text_00355.jpg,(intel
text_00356.jpg,Core 
text_00357.jpg,32
text_00358.jpg,32
text_00359.jpg,2 )
text_00360.jpg,2 )
text_00361.jpg,32*129
text_00362.jpg,32*129
text_00363.jpg,50
text_00364.jpg,50
text_00365.jpg,30c
text_00366.jpg,30c
text_00367.jpg,30c
text_00368.jpg,14.54
text_00369.jpg,bequletr
text_00370.jpg,bequletr
text_00371.jpg,32
text_00372.jpg,2 )
text_00373.jpg,8
text_00374.jpg,32
text_00375.jpg,42
text_00376.jpg,42
text_00377.jpg,~bequictl
text_00378.jpg,294
text_00379.jpg,bequletr
text_00380.jpg,WD_BLACKTH SN7100 NVMeTh SSD
text_00381.jpg,"WD_BLACK"""
text_00382.jpg,SN7100
text_00383.jpg,Klngspec
text_00384.jpg,"crucial"""
text_00385.jpg,P310
text_00386.jpg,by dcron
text_00387.jpg,"PCle? Gen4 NVMe"" 2280 M.2 SSD"
text_00388.jpg,SN7100
text_00389.jpg,{CRICC
text_00390.jpg,WD_BLAcK
text_00391.jpg,crucial
text_00392.jpg,Klngspec
text_00393.jpg,crucial
text_00394.jpg,YZOM
text_00395.jpg,SOLID STATE DRIVE
text_00396.jpg,NGFF M2 SSD
text_00397.jpg,WD_BLACK
text_00398.jpg,KOOTION
text_00399.jpg,512GB
text_00400.jpg,NVMe M.2 SSD
text_00401.jpg,PCle 4.0
text_00402.jpg,"crucial"""
text_00403.jpg,P310
text_00404.jpg,by dcron
text_00405.jpg,"PCle? Gen4 NVMe"" 2280 M.2 SSD"
text_00406.jpg,M.2 PCle
text_00407.jpg,SSD NVMe M.?2
text_00408.jpg,nvm )
text_00409.jpg,{CRICC
text_00410.jpg,crucial'
text_00411.jpg,V-NAND SSD
text_00412.jpg,SAMSUNG
text_00413.jpg,990PRO
text_00414.jpg,"PCle?4.0 NVMe"" MZSSD"
text_00415.jpg,"SAMSUNG ELECTRONICS CO , LTD:"
text_00416.jpg,2TB
text_00417.jpg,crucial
text_00418.jpg,WD Blue'
text_00419.jpg,SASIO SATA SSD
text_00420.jpg,218
text_00421.jpg,WasternDlgltal:
text_00422.jpg,M.2 2280 PCle Genaxa
text_00423.jpg,NvMe SSD
text_00424.jpg,Lexar
text_00425.jpg,EQ790
text_00426.jpg,SAMSUNG
text_00427.jpg,micron.
text_00428.jpg,P51O
text_00429.jpg,crucial:
text_00430.jpg,"PCleo Gen5 NVMe"""
text_00431.jpg,2280 M2 SSD
text_00432.jpg,Solid State
text_00433.jpg,"crucial"""
text_00434.jpg,P310
text_00435.jpg,by dcron
text_00436.jpg,"PCle? Gen4 NVMe"" 2280 M.2 SSD"
text_00437.jpg,{CRICC
text_00438.jpg,Solid State
text_00439.jpg,1
text_00440.jpg,ranxiana
text_00441.jpg,BCHZSs
text_00442.jpg,256
text_00443.jpg,Lexar
text_00444.jpg,Solid State Drive
text_00445.jpg,Klngspec
text_00446.jpg,Gciico
text_00447.jpg,Y-20
text_00448.jpg,WD Green
text_00449.jpg,SATA SSD
text_00450.jpg,Shl
text_00451.jpg,{CRICC
text_00452.jpg,crucial
text_00453.jpg,M.2 2280 PCle Genaxa
text_00454.jpg,NvMe SSD
text_00455.jpg,Lexar
text_00456.jpg,EQ790
text_00457.jpg,Kingstqu
text_00458.jpg,12068
text_00459.jpg,W D
text_00460.jpg,8LAck
text_00461.jpg,GAME DRIVE
text_00462.jpg,NVMe   SSD
text_00463.jpg,CRAS C925G
text_00464.jpg,M.2 NVMe PCle Gen4 SSD
text_00465.jpg,WD_BLACKTH SN8S0X NVMeT SSD
text_00466.jpg,"WD_BLACK"""
text_00467.jpg,SN850X
text_00468.jpg,E
text_00469.jpg,P320
text_00470.jpg,Rohs
text_00471.jpg,P320P512M28
text_00472.jpg,9SE00221
text_00473.jpg,PCle Gen3 x4 M.2 SSD 2280
text_00474.jpg,Warranty void if
text_00475.jpg,512CB
text_00476.jpg,022404089900004
text_00477.jpg,label removed
text_00478.jpg,MADE IN TAIWAN
text_00479.jpg,SIMSUNG
text_00480.jpg,990
text_00481.jpg,EVO
text_00482.jpg,Plus
text_00483.jpg,2TB
text_00484.jpg,1
text_00485.jpg,{CRICC
text_00486.jpg,crucial
text_00487.jpg,T705
text_00488.jpg,by dcron'
text_00489.jpg,"PCle Gen5 NVMe"" M.2 SSD"
text_00490.jpg,BARRACUDA
text_00491.jpg,41
text_00492.jpg,CRAS C925G
text_00493.jpg,M.2 NVMe PCle Gen4 SSD
text_00494.jpg,{CRICC
text_00495.jpg,WD_BLACK
text_00496.jpg,WD_BLACKTH SN8S0X NVMeT SSD
text_00497.jpg,"WD_BLACK"""
text_00498.jpg,SN850X
text_00499.jpg,Klngspec
text_00500.jpg,ranxiana
text_00501.jpg,nvm
text_00502.jpg,PCLZ
text_00503.jpg,1
text_00504.jpg,{CRICC
text_00505.jpg,WD_BLAcK
text_00506.jpg,Solid State
text_00507.jpg,KOOTION
text_00508.jpg,512GB
text_00509.jpg,NVMe M.2 SSD
text_00510.jpg,PCle 4.0
text_00511.jpg,WD_BLACK
text_00512.jpg,P220 _
text_00513.jpg,512
text_00514.jpg,Fc €
text_00515.jpg,Kingston
text_00516.jpg,"KingSpec"""
text_00517.jpg,SIN: 0023916042053
text_00518.jpg,Pin: NT-ZTB 2242
text_00519.jpg,"950509 ""986302"
text_00520.jpg,WARRANTY VOid IF REMOVED
text_00521.jpg,Kinoston?
text_00522.jpg,1TB
text_00523.jpg,NV3:
text_00524.jpg,PCle 4.0 NVMe M.2
text_00525.jpg,FcCnvm
text_00526.jpg,1
text_00527.jpg,{CRICC
text_00528.jpg,WD_BLACK
text_00529.jpg,"ADATA"""
text_00530.jpg,Solid State Drive
text_00531.jpg,SU630
text_00532.jpg,{CRICC
text_00533.jpg,Solid State
text_00534.jpg,5P
text_00535.jpg,( €FC
text_00536.jpg,R-R-SLL-P34AGO
text_00537.jpg,M.2 PCle Gen 3 SSD
text_00538.jpg,512 GB
text_00539.jpg,We BD
text_00540.jpg,Warranty void if removed
text_00541.jpg,Klngspec
text_00542.jpg,WD_BLACKTH SN8S0X NVMeT SSD
text_00543.jpg,"WD_BLACK"""
text_00544.jpg,SN850X
text_00545.jpg,Lexar
text_00546.jpg,NM61O PRO M22ze0 Pcle Gen3xl NVMe SSD
text_00547.jpg,C€
text_00548.jpg,Made inchina
text_00549.jpg,"WD Red"""
text_00550.jpg,SASOO SATA SSD
text_00551.jpg,PSS
text_00552.jpg,Compatible with
text_00553.jpg,Lexar
text_00554.jpg,WD Green
text_00555.jpg,SATA SSD
text_00556.jpg,1
text_00557.jpg,{CRICC
text_00558.jpg,micron:
text_00559.jpg,crucial
text_00560.jpg,T710
text_00561.jpg,"PCle"" Gen5 NVMe"
text_00562.jpg,2280 M2 SSD
text_00563.jpg,JOIOT
text_00564.jpg,PRIDE
text_00565.jpg,SMSUNG
text_00566.jpg,9100
text_00567.jpg,PRO
text_00568.jpg,WD
text_00569.jpg,SA51O
text_00570.jpg,SATA SSD
text_00571.jpg,Blue
text_00572.jpg,"PCIe"" GEN 5"
text_00573.jpg,NVMe TM SSD
text_00574.jpg,"WD_BLACK"""
text_00575.jpg,SN8100
text_00576.jpg,"PCIe"" GEN 5"
text_00577.jpg,NVMe TM SSD
text_00578.jpg,"WD_BLACK"""
text_00579.jpg,SN8100
text_00580.jpg,WD_BLACKTH SN8S0X NVMeT SSD
text_00581.jpg,"WD_BLACK"""
text_00582.jpg,SN850X
text_00583.jpg,Western
text_00584.jpg,Digital.
text_00585.jpg,WD Green
text_00586.jpg,SATA SSD
text_00587.jpg,240G8
text_00588.jpg,M.2 PCle
text_00589.jpg,SSD NVMe M.?2
text_00590.jpg,nvm )
text_00591.jpg,{CRICC
text_00592.jpg,1
text_00593.jpg,SMSUNG
text_00594.jpg,9100
text_00595.jpg,PRO
text_00596.jpg,Solid State
text_00597.jpg,EDILOCA
text_00598.jpg,EN870PCle 40
text_00599.jpg,YZOM
text_00600.jpg,SOLID STATE DRIVE
text_00601.jpg,NGFF M2 SSD
text_00602.jpg,YZOM
text_00603.jpg,SOLID STATE DRIVE
text_00604.jpg,NGFF M2 SSD
text_00605.jpg,C€
text_00606.jpg,1
text_00607.jpg,{CRICC
text_00608.jpg,(€
text_00609.jpg,EDILOCA
text_00610.jpg,crucial
text_00611.jpg,P3 Plus
text_00612.jpg,PCleo 4.0 M.2 2280
text_00613.jpg,"by dcron"""
text_00614.jpg,Western
text_00615.jpg,Digitale
text_00616.jpg,WD Greens
text_00617.jpg,"SN350 NVMe"" SSD"
text_00618.jpg,250G8
text_00619.jpg,ranxiana
text_00620.jpg,S500 PRO
text_00621.jpg,PCle Gen3 x4
text_00622.jpg,crucial
text_00623.jpg,491
text_00624.jpg,crucial
text_00625.jpg,P310
text_00626.jpg,2230 M? =
text_00627.jpg,crucial
text_00628.jpg,VENGEANCE
text_00629.jpg,LPX
text_00630.jpg,JENGEANCE
text_00631.jpg,Lexar
text_00632.jpg,VENGEANCE
text_00633.jpg,JENGEANCE
text_00634.jpg,VENGEANC=
text_00635.jpg,VENGEANC=
text_00636.jpg,ZNGEANCZ
text_00637.jpg,GIGASTONE
text_00638.jpg,GIGASTONE
text_00639.jpg,Lexar
text_00640.jpg,VI?ER
text_00641.jpg,VI?ER
text_00642.jpg,VENGEANC=
text_00643.jpg,crucial
text_00644.jpg,crucial
text_00645.jpg,IOAIIZYY
text_00646.jpg,TIMETEC
text_00647.jpg,TIMETEC
text_00648.jpg,TIMETEC
text_00649.jpg,VENGEANCE
text_00650.jpg,LPX
text_00651.jpg,JENGEANCE
text_00652.jpg,crucial
text_00653.jpg,crucial
text_00654.jpg,GIGASTONE
text_00655.jpg,TIMETEC
text_00656.jpg,TIMETEC
text_00657.jpg,crucial
text_00658.jpg,crucial
text_00659.jpg,Jnicron _
text_00660.jpg,16G DDR4 3200
text_00661.jpg,TIMETEC
text_00662.jpg,crucial
text_00663.jpg,crucial
text_00664.jpg,BEAST
text_00665.jpg,I6GB DDR4 2666
text_00666.jpg,Fe g
text_00667.jpg,GIGASTONE
text_00668.jpg,C€
text_00669.jpg,VENGEANCE
text_00670.jpg,JENGEANCE
text_00671.jpg,BEAST
text_00672.jpg,DDRA
text_00673.jpg,GAMING
text_00674.jpg,8GB 2RX8 PC3L-12800S
text_00675.jpg,DDR3 SODIMM 1.35V
text_00676.jpg,MOTOEAGLE
text_00677.jpg,VENGEANCE
text_00678.jpg,JENGEANCE
text_00679.jpg,BEAST
text_00680.jpg,VI?ER
text_00681.jpg,ntegr
text_00682.jpg,AINNACLS
text_00683.jpg,5
text_00684.jpg,Sp
text_00685.jpg,TIMETEC
text_00686.jpg,TIMETEC
text_00687.jpg,CORSAIR
text_00688.jpg,VALUESELECT
text_00689.jpg,VENGEANC=
text_00690.jpg,FNGEANC=
text_00691.jpg,VENGEANC=
text_00692.jpg,crucial
text_00693.jpg,crucial
text_00694.jpg,VENGEANC=
text_00695.jpg,VENGEANC=
text_00696.jpg,BEAST
text_00697.jpg,VENGEANC=
text_00698.jpg,RASALAS
text_00699.jpg,VI?ER
text_00700.jpg,~IPER
text_00701.jpg,8G DDR3L 1600
text_00702.jpg,1.35V 2Rx8
text_00703.jpg,TIMETEC
text_00704.jpg,Oloy
text_00705.jpg,TIMETEC
text_00706.jpg,VENGEANC=
text_00707.jpg,TIMETEC
text_00708.jpg,TIMETEC
text_00709.jpg,VENGEANC=
text_00710.jpg,8G8 ZRX8 PCJL-1Z800S
text_00711.jpg,crucial
text_00712.jpg,VENGEANC=
text_00713.jpg,TIMETEC
text_00714.jpg,VENGEANC=
text_00715.jpg,VENGEANC=
text_00716.jpg,VI?ER
text_00717.jpg,VENGEANC=
text_00718.jpg,ANC=
text_00719.jpg,IMPaCT
text_00720.jpg,YAOATA
text_00721.jpg,(€ 4
text_00722.jpg,VENGEANC=
text_00723.jpg,FURY
text_00724.jpg,Deltfi
text_00725.jpg,DDRA
text_00726.jpg,MEMORY
text_00727.jpg,WeR
text_00728.jpg,GAMING
text_00729.jpg,8G8 ZRX8 PCJL-1Z800S
text_00730.jpg,12
text_00731.jpg,16G DDR4 2666
text_00732.jpg,1.2V 2Rx8
text_00733.jpg,TIMETEC
text_00734.jpg,CL-19-19-19-43
text_00735.jpg,OLOv
text_00736.jpg,VENGEANC=
text_00737.jpg,DDRS
text_00738.jpg,4GB ZRX8 PC3L-128D05
text_00739.jpg,4GB 2RX8 PC3L-12800S
text_00740.jpg,TurY
text_00741.jpg,Trdentz
text_00742.jpg,Tordentz
text_00743.jpg,Trudentz
text_00744.jpg,DDRS
text_00745.jpg,BEAST
text_00746.jpg,DDR3 SODIMM
text_00747.jpg,TIMETEC
text_00748.jpg,1066MHz 8G
text_00749.jpg,MAC
text_00750.jpg,WARRANTY VOID
text_00751.jpg,03-608G07380
text_00752.jpg,IF REMOVED
text_00753.jpg,Synology
text_00754.jpg,Synology
text_00755.jpg,BLADE
text_00756.jpg,BLADE
text_00757.jpg,32GB DDR4 3200
text_00758.jpg,Fe %
text_00759.jpg,GIGAsTONE
text_00760.jpg,C€
text_00761.jpg,Made in Taiwan
text_00762.jpg,12
text_00763.jpg,16G DDR4 2666
text_00764.jpg,1.2V 2Rx8
text_00765.jpg,TIMETEC
text_00766.jpg,CL-19-19-19-43
text_00767.jpg,Trdentz
text_00768.jpg,Tordentz
text_00769.jpg,Trudentz
text_00770.jpg,TurY
text_00771.jpg,DDRS
text_00772.jpg,BEAST
text_00773.jpg,"GIGABYTE"""
text_00774.jpg,GIGABYTE MEMORY
text_00775.jpg,WARRANTY VOID
text_00776.jpg,03-608G07380
text_00777.jpg,IF REMOVED
text_00778.jpg,Synology
text_00779.jpg,Synology
text_00780.jpg,TIMETEC
text_00781.jpg,MAC
text_00782.jpg,Tforce
text_00783.jpg,WARRANTY VOID
text_00784.jpg,03-608G07380
text_00785.jpg,IF REMOVED
text_00786.jpg,Synology
text_00787.jpg,Synology
text_00788.jpg,DDRA
text_00789.jpg,Vulcanz
text_00790.jpg,Vulcanz
text_00791.jpg,DDRA
text_00792.jpg,BLADE
text_00793.jpg,BLADE
text_00794.jpg,Vulcanz
text_00795.jpg,Vulcanz
text_00796.jpg,Dora
text_00797.jpg,DDRA
text_00798.jpg,"GIGABYTE"""
text_00799.jpg,GIGABYTE MEMORY
text_00800.jpg,Vulcanz
text_00801.jpg,Vulcanz
text_00802.jpg,AteCH
text_00803.jpg,16GB DDRS S6OO
text_00804.jpg,AVI6GSDSEX
text_00805.jpg,"GIGABYTE"""
text_00806.jpg,GIGABYTE MEMORY
text_00807.jpg,Vulcanz
text_00808.jpg,Vulcanz
text_00809.jpg,offtek
text_00810.jpg,UK
text_00811.jpg,HMABZGRZDJRBN
text_00812.jpg,CA
text_00813.jpg,C€
text_00814.jpg,8GB ZRX8 PC3L-1280DS
text_00815.jpg,Vulcanz
text_00816.jpg,Vulcanz
text_00817.jpg,"GIGABYTE"""
text_00818.jpg,GIGABYTE MEMORY
text_00819.jpg,RGB
text_00820.jpg,BLADE
text_00821.jpg,BLADE
text_00822.jpg,offtek
text_00823.jpg,UK
text_00824.jpg,HMABZGRZDJRBN
text_00825.jpg,CA
text_00826.jpg,C€
text_00827.jpg,53
text_00828.jpg,RASALAS
text_00829.jpg,UK
text_00830.jpg,HMABZGRZDJRBN
text_00831.jpg,CA
text_00832.jpg,C€
text_00833.jpg,gLobAL
text_00834.jpg,gLObAL
text_00835.jpg,MEMORY
text_00836.jpg,4GB DDR2 800
text_00837.jpg,"1,8v-PC2-64C0-1930"
text_00838.jpg,DDRa
text_00839.jpg,8GB 1Rx8 PC3L-12800S
text_00840.jpg,RASALAS
text_00841.jpg,offtek
text_00842.jpg,crucial
text_00843.jpg,offtek
text_00844.jpg,56
text_00845.jpg,Warranty void
text_00846.jpg,20
text_00847.jpg,53
text_00848.jpg,83MOd-$
text_00849.jpg,4GB 2Rx8 PC3L-12800S
text_00850.jpg,RASALAS
text_00851.jpg,offtek
text_00852.jpg,TIMETEC
text_00853.jpg,TIMETEC
text_00854.jpg,082
text_00855.jpg,032
text_00856.jpg,1
text_00857.jpg,TIMETEC
text_00858.jpg,offtek
text_00859.jpg,320044
text_00860.jpg,ScO = 1?
text_00861.jpg,ofitek
text_00862.jpg,53
text_00863.jpg,Warranty void if removed
text_00864.jpg,SPOO8GBLFU240B02
text_00865.jpg,DDR4-2400(CL17) 8GB
text_00866.jpg,RASALAS 
text_00867.jpg,TIMETEC
text_00868.jpg,TIMETEC
text_00869.jpg,082
text_00870.jpg,032
text_00871.jpg,1
text_00872.jpg,TIMETEC
text_00873.jpg,offtek
text_00874.jpg,320044
text_00875.jpg,ScO = 1?
text_00876.jpg,ofitek
text_00877.jpg,IOAIIZYY
text_00878.jpg,oyemai
text_00879.jpg,Ycngxinsheng
text_00880.jpg,RASALAS
text_00881.jpg,offtek
text_00882.jpg,VENGEANC=
text_00883.jpg,PSDSXXGXXXXS
text_00884.jpg,XXXXXXXX
text_00885.jpg,RoHS Compliant
text_00886.jpg,WARRANTY
text_00887.jpg,VOId IF REMOVED
text_00888.jpg,GLOBAL
text_00889.jpg,MEMORY
text_00890.jpg,MEMORY
text_00891.jpg,Mehory
text_00892.jpg,DDR3 SODIMM
text_00893.jpg,TIMETEC
text_00894.jpg,1066MHz 8G
text_00895.jpg,MAC
text_00896.jpg,GLOBAL
text_00897.jpg,Memory
text_00898.jpg,16G DDR4 2133
text_00899.jpg,"1,2V 2Rx8"
text_00900.jpg,TIMETEC
text_00901.jpg,CL 15-15-15-36
text_00902.jpg,"(0 ,"
text_00903.jpg,IV
text_00904.jpg,REAPER
text_00905.jpg,dual
text_00906.jpg,5070 
text_00907.jpg,SHIADOW
text_00908.jpg,50502
text_00909.jpg,Xynsviu
text_00910.jpg,Prime
text_00911.jpg,5070
text_00912.jpg,VENTUs2x
text_00913.jpg,5060 
text_00914.jpg,15070
text_00915.jpg,5080
text_00916.jpg,VENTUs2x
text_00917.jpg,AMDa
text_00918.jpg,5080
text_00919.jpg,AMDJ
text_00920.jpg,SAPLOS
text_00921.jpg,PCle 5.0 RISER CABLE
text_00922.jpg,SHINDOW =
text_00923.jpg,JIANE
text_00924.jpg,INSPIRZ 3X
text_00925.jpg,5070
text_00926.jpg,INSPIRZ ZX
text_00927.jpg,"5060"""
text_00928.jpg,SAPLOS
text_00929.jpg,[5050
text_00930.jpg,dual
text_00931.jpg,SAPLOS
text_00932.jpg,GIGABYTE
text_00933.jpg,5060
text_00934.jpg,SAPLOS
text_00935.jpg,duaL
text_00936.jpg,5060
text_00937.jpg,AMDA
text_00938.jpg,prime
text_00939.jpg,5080
text_00940.jpg,SHADOW
text_00941.jpg,didauytr
text_00942.jpg,GIGABYTE
text_00943.jpg,5060
text_00944.jpg,5070 
text_00945.jpg,msi
text_00946.jpg,[5070
text_00947.jpg,5070
text_00948.jpg,5060ti
text_00949.jpg,INSPIRZ 3X
text_00950.jpg,"5070"""
text_00951.jpg,Prime
text_00952.jpg,PURE 
text_00953.jpg,AMDA
text_00954.jpg,AMDA
text_00955.jpg,5060
text_00956.jpg,Gigadyte
text_00957.jpg,dual
text_00958.jpg,AMDA
text_00959.jpg,NRY
text_00960.jpg,AMDA
text_00961.jpg,AMDA
text_00962.jpg,GAMRI
text_00963.jpg,5080
text_00964.jpg,HQND
text_00965.jpg,AMDA
text_00966.jpg,AMDA
text_00967.jpg,AMDA
text_00968.jpg,PowverColor
text_00969.jpg,REAPER
text_00970.jpg,Zrime
text_00971.jpg,5060v
text_00972.jpg,M
text_00973.jpg,HQND
text_00974.jpg,astral
text_00975.jpg,RX 7900XTX
text_00976.jpg,RTX 2060
text_00977.jpg,GRAPHIC
text_00978.jpg,CARD
text_00979.jpg,[5060t
text_00980.jpg,50501
text_00981.jpg,SHINDCW
text_00982.jpg,prime
text_00983.jpg,dual
text_00984.jpg,SAPLOS
text_00985.jpg,5070v
text_00986.jpg,ELF
text_00987.jpg,SAPLOS
text_00988.jpg,5070v
text_00989.jpg,prime
text_00990.jpg,TrIOD
text_00991.jpg,M
text_00992.jpg,SAPLOS
text_00993.jpg,5080
text_00994.jpg,5060
text_00995.jpg,"15070"""
text_00996.jpg,intel
text_00997.jpg,ARC
text_00998.jpg,GEFORCE RTX
text_00999.jpg,5050
text_01000.jpg,PowverColor
text_01001.jpg,dual
text_01002.jpg,4080'
text_01003.jpg,REAPER
text_01004.jpg,SAPLOS
text_01005.jpg,SAPLOS
text_01006.jpg,NVIDIA
text_01007.jpg,TESLA
text_01008.jpg,GRAPHICS
text_01009.jpg,CARD
text_01010.jpg,PowverColor
text_01011.jpg,GAMING
text_01012.jpg,"5060"""
text_01013.jpg,ZVSA
text_01014.jpg,msi
text_01015.jpg,ARMoR
text_01016.jpg,dual
text_01017.jpg,AMDA
text_01018.jpg,HERCULX
text_01019.jpg,REAPER
text_01020.jpg,~ovowno
text_01021.jpg,4070
text_01022.jpg,PowverColor
text_01023.jpg,RX 7900XTX
text_01024.jpg,pE
text_01025.jpg,'308
text_01026.jpg,CX750
text_01027.jpg,RMBSOe |
text_01028.jpg,SFIOOO |
text_01029.jpg,corsair
text_01030.jpg,CX65o
text_01031.jpg,FREE SILENT =
text_01032.jpg,RPoL
text_01033.jpg,80
text_01034.jpg,CX750
text_01035.jpg,RM75Oe 
text_01036.jpg,MAG
text_01037.jpg,#
text_01038.jpg,FREE SILENT =
text_01039.jpg,P76009
text_01040.jpg,P75085
text_01041.jpg,MAG
text_01042.jpg,#
text_01043.jpg,Prime
text_01044.jpg,0
text_01045.jpg,RMizoOe |
text_01046.jpg,#
text_01047.jpg,750w
text_01048.jpg,750W
text_01049.jpg,"RMTOOOe ,"
text_01050.jpg,CX55o 
text_01051.jpg,SYSTEM POWER 11 
text_01052.jpg,SYSTEM POWER 11 
text_01053.jpg,RM8sO 
text_01054.jpg,750w
text_01055.jpg,RM8sOe 
text_01056.jpg,CENTURYI
text_01057.jpg,1OOOW
text_01058.jpg,850w
text_01059.jpg,TECNOWARE
text_01060.jpg,SILENT =
text_01061.jpg,"""099nn"
text_01062.jpg,Prime
text_01063.jpg,HXISOOiH
text_01064.jpg,Soow
text_01065.jpg,Soow
text_01066.jpg,PE D
text_01067.jpg,Jabdw
text_01068.jpg,Z50w
text_01069.jpg,750w
text_01070.jpg,750W
text_01071.jpg,VERTEX
text_01072.jpg,M1OOOx
text_01073.jpg,RM
text_01074.jpg,0
text_01075.jpg,850w
text_01076.jpg,RMBSOe |
text_01077.jpg,SF750
text_01078.jpg,4
text_01079.jpg,SnVERSTONE'
text_01080.jpg,TX300
text_01081.jpg,300w
text_01082.jpg,GSSOM
text_01083.jpg,URUBOOW
text_01084.jpg,KNIOOO
text_01085.jpg,~EC
text_01086.jpg,FX6OO
text_01087.jpg,POWER SUPPLY TESTER
text_01088.jpg,#
text_01089.jpg,BES0 EAGLEAX
text_01090.jpg,"gigabyte"""
text_01091.jpg,870E
text_01092.jpg,IA520
text_01093.jpg,"GIGABYTE"""
text_01094.jpg,BSSDM
text_01095.jpg,GAMING
text_01096.jpg,WIFIB
text_01097.jpg,PRIME
text_01098.jpg,PRO B760-P DDR4 Il
text_01099.jpg,GIGABYTE'
text_01100.jpg,870E
text_01101.jpg,"GIGABYTE"""
text_01102.jpg,FRO B6so-A WIF
text_01103.jpg,"GIGABYTE"""
text_01104.jpg,X870 EAGLE WIFI7
text_01105.jpg,870E
text_01106.jpg,GIGABYTE
text_01107.jpg,PRIME
text_01108.jpg,PRO HGIOM-E DDRA
text_01109.jpg,GIGABYTE
text_01110.jpg,BGSQ EAGLE
text_01111.jpg,"GIGABYTE"""
text_01112.jpg,B76DM GAMINGPLUS
text_01113.jpg,WIFI DDR4
text_01114.jpg,BZA@M H DDRG
text_01115.jpg,"GIGABYTE"""
text_01116.jpg,GAMNG
text_01117.jpg,870E
text_01118.jpg,PRIME
text_01119.jpg,PRO H6IOM-G DDR
text_01120.jpg,GIGABYTE
text_01121.jpg,PRIME
text_01122.jpg,B84OM-A WIFI
text_01123.jpg,870E
text_01124.jpg,PRIME
text_01125.jpg,6760-PLUS 04
text_01126.jpg,ELITEAX
text_01127.jpg,PRO BBSO
text_01128.jpg,PrIME
text_01129.jpg,B850-PLUSWIFI
text_01130.jpg,PRIME
text_01131.jpg,PRO B840-P WIFI
text_01132.jpg,870E
text_01133.jpg,ELITE
text_01134.jpg,Be5DM
text_01135.jpg,PRO Z790-P Wifi
text_01136.jpg,870E
text_01137.jpg,X870E
text_01138.jpg,EXTRENE
text_01139.jpg,GIGABYTE'
text_01140.jpg,Gigaby7E
text_01141.jpg,"GIGABYTE"""
text_01142.jpg,BSSOM-A
text_01143.jpg,GIGABYTE
text_01144.jpg,BBSDMD3HP
text_01145.jpg,PRO X87OE-P WIFI
text_01146.jpg,"GIGABYTE"""
text_01147.jpg,"GIGABYTE"""
text_01148.jpg,8760 GAMING
text_01149.jpg,ddr =
text_01150.jpg,GIGABYTE
text_01151.jpg,8760
text_01152.jpg,GAMING
text_01153.jpg,870E
text_01154.jpg,PRO H6IOM-G DDR
text_01155.jpg,B65oE
text_01156.jpg,MAXGAMING WIFIW
text_01157.jpg,PRO B860-{
text_01158.jpg,BZEDM
text_01159.jpg,"GIGABYTE"""
text_01160.jpg,"GIGABYTE"""
text_01161.jpg,27800
text_01162.jpg,PRIME
text_01163.jpg,BBGD EAGLE WIFIEE
text_01164.jpg,"gigabyte"""
text_01165.jpg,PRIME
text_01166.jpg,FORCEI
text_01167.jpg,BBSOMFORCE
text_01168.jpg,GIGABYTE
text_01169.jpg,"GIGABYTE"""
text_01170.jpg,BSSDM
text_01171.jpg,WiFIB
text_01172.jpg,IA520
text_01173.jpg,nSRodk
text_01174.jpg,"GIGABYTE"""
text_01175.jpg,BSSDM
text_01176.jpg,WiFIB
text_01177.jpg,PHANTDM
text_01178.jpg,gicabyte
text_01179.jpg,"GIGABYTE"""
text_01180.jpg,E4e0 Pro4
text_01181.jpg,?52ME
text_01182.jpg,PRO HsIOM-E
text_01183.jpg,BBSDM EAGLE WIFIGE
text_01184.jpg,"GIGABYTE"""
text_01185.jpg,"GIGABYTE"""
text_01186.jpg,PoWS WRYSQE SAGE SE
text_01187.jpg,BSSDM-ITX/ac
text_01188.jpg,AS2DM-ITX /ac
text_01189.jpg,GIGABYTE
text_01190.jpg,TRXE@ AITOP
text_01191.jpg,HEIQMH V2
text_01192.jpg,"GIGABYTE"""
text_01193.jpg,saurus
text_01194.jpg,GIGABYTE
text_01195.jpg,PriME
text_01196.jpg,AS20M-HDV
text_01197.jpg,B7G0M-E
text_01198.jpg,FRO BSSOM-VC WIfI
text_01199.jpg,"GIGABYTE"""
text_01200.jpg,B760 GAMING
text_01201.jpg,WIFIBE GENS
text_01202.jpg,29g0-PRO WIFL
text_01203.jpg,B4SOM
text_01204.jpg,vadrus
text_01205.jpg,"GIGABYTE"""
text_01206.jpg,B850
text_01207.jpg,GAMING
text_01208.jpg,WIFIGE
text_01209.jpg,baurus
text_01210.jpg,GIGASTONE
text_01211.jpg,GIGASTONE
text_01212.jpg,PRIME
text_01213.jpg,GIGABYTE
text_01214.jpg,BBAOMDS3H
text_01215.jpg,B8BDM
text_01216.jpg,PRO BBGOM-A WIFI
text_01217.jpg,BES0 EAGLEAX
text_01218.jpg,"gigabyte"""
text_01219.jpg,GIGABYTE
text_01220.jpg,PRIME
text_01221.jpg,B86OM-K
text_01222.jpg,GIGABYTE
text_01223.jpg,"GIGABYTE"""
text_01224.jpg,GIGABYTE
text_01225.jpg,aorus
text_01226.jpg,AGZOAI WiFi
text_01227.jpg,GIGABYTE
text_01228.jpg,X870
text_01229.jpg,GAMING
text_01230.jpg,gigabytE
text_01231.jpg,GAMING
text_01232.jpg,PLUS
text_01233.jpg,GIGABYTE
text_01234.jpg,LIGHTNING
text_01235.jpg,"GIGABYTE"""
text_01236.jpg,"GIGABYTE"""
text_01237.jpg,AGZOAMZ
text_01238.jpg,GIGABYTE
text_01239.jpg,HBIDM
text_01240.jpg,BBSOM-PLUS
text_01241.jpg,"GIGABYTE"""
text_01242.jpg,B7EOM
text_01243.jpg,"GIGABYTE"""
text_01244.jpg,Bbsom k
text_01245.jpg,PrIME
text_01246.jpg,B760M-ADL
text_01247.jpg,"GIGABYTE"""
text_01248.jpg,ISRodk
text_01249.jpg,GAMINg
text_01250.jpg,aurus
text_01251.jpg,J3355B-ITX
text_01252.jpg,PRO Z790-4 WIFI II
text_01253.jpg,PRIME
text_01254.jpg,H770-PLUS
text_01255.jpg,PRO H8IO1 WIFI
text_01256.jpg,GIGABYTE
text_01257.jpg,"GIGABYTE"""
text_01258.jpg,GIGABYTE
text_01259.jpg,GAMNEX
text_01260.jpg,GIGABYTE
text_01261.jpg,GAMNEX
text_01262.jpg,nSReck
text_01263.jpg,vaurus
text_01264.jpg,Laurus
text_01265.jpg,Laurus
text_01266.jpg,GIGABYTE
text_01267.jpg,PRIME
text_01268.jpg,Lorus
text_01269.jpg,BZB@M
text_01270.jpg,PRO HBIOM-B
text_01271.jpg,~pRO-VDHWIFL
text_01272.jpg,IBSSQ
text_01273.jpg,B550 PC
text_01274.jpg,Gaurus
text_01275.jpg,PRO B860-_
