image,crop,recognized_text
00979205bfe0f63cf50f396392775b9f.256p.jpg.jpeg,00979205bfe0f63cf50f396392775b9f.256p.jpg.jpeg_crop_0.jpg,coy lory
01163d618db9518d03041c9997e23bb1.256p.jpg.jpeg,01163d618db9518d03041c9997e23bb1.256p.jpg.jpeg_crop_0.jpg,con cps own fner unbocked core intel gen h n r
0161407080353d18971dcccd15dc3722.256p.jpg.jpeg,0161407080353d18971dcccd15dc3722.256p.jpg.jpeg_crop_0.jpg,
016556184725a9604ae50e789f12b12c.256p.jpg.jpeg,016556184725a9604ae50e789f12b12c.256p.jpg.jpeg_crop_0.jpg,stcmur dsebe
01ad6b516b12c519dfb76ed08a2a7ef3.256p.jpg.jpeg,01ad6b516b12c519dfb76ed08a2a7ef3.256p.jpg.jpeg_crop_0.jpg,pro 9100
01c5294aaa030cd889e3923906b92a10.256p.jpg.jpeg,01c5294aaa030cd889e3923906b92a10.256p.jpg.jpeg_crop_0.jpg,don
01f288f2abde496dcb1620b0da58df50.256p.jpg.jpeg,01f288f2abde496dcb1620b0da58df50.256p.jpg.jpeg_crop_0.jpg,
02078adf4372cab46e72fc7dc8ff4553.256p.jpg.jpeg,02078adf4372cab46e72fc7dc8ff4553.256p.jpg.jpeg_crop_0.jpg,
038ec9aa1fddbeb6cd45c91348943127.256p.jpg.jpeg,038ec9aa1fddbeb6cd45c91348943127.256p.jpg.jpeg_crop_0.jpg, 3
03d2c7690b9a62e9131a8514ea3c0dfa.256p.jpg.jpeg,03d2c7690b9a62e9131a8514ea3c0dfa.256p.jpg.jpeg_crop_0.jpg,
03f3e1f6276abc7095487e641a775454.256p.jpg.jpeg,03f3e1f6276abc7095487e641a775454.256p.jpg.jpeg_crop_0.jpg,10
0427e658396f37fc8e06723b42a4f7df.256p.jpg.jpeg,0427e658396f37fc8e06723b42a4f7df.256p.jpg.jpeg_crop_0.jpg,snbsox black wo s ms she dbock so tascon
048e9d2f829061df55885fb8eabd5952.256p.jpg.jpeg,048e9d2f829061df55885fb8eabd5952.256p.jpg.jpeg_crop_0.jpg,coetnes coctom senes aooans coam cuuns corn croos con
048ee8d7e1ab67674cc0aac0e4e0e281.256p.jpg.jpeg,048ee8d7e1ab67674cc0aac0e4e0e281.256p.jpg.jpeg_crop_0.jpg, e
05450ff0875884cf439a0cab97a3fd24.256p.jpg.jpeg,05450ff0875884cf439a0cab97a3fd24.256p.jpg.jpeg_crop_0.jpg,tforce deltn tforce deltn
064aaf809c733638ac91fac1bc46dc00.256p.jpg.jpeg,064aaf809c733638ac91fac1bc46dc00.256p.jpg.jpeg_crop_0.jpg,
06eac4dd425e5a1d1e70735068c47072.256p.jpg.jpeg,06eac4dd425e5a1d1e70735068c47072.256p.jpg.jpeg_crop_0.jpg,sloomw fng s
07ff8dc03a65e34edc811c97d838af9a.256p.jpg.jpeg,07ff8dc03a65e34edc811c97d838af9a.256p.jpg.jpeg_crop_0.jpg,kaoo rixa
0817e1eae7204d437ef0084b49c0c855.256p.jpg.jpeg,0817e1eae7204d437ef0084b49c0c855.256p.jpg.jpeg_crop_0.jpg,i
082be5f3ed8c7574ada8ed2cecddcb5c.256p.jpg.jpeg,082be5f3ed8c7574ada8ed2cecddcb5c.256p.jpg.jpeg_crop_0.jpg,
08f4be6287189613c69c5b5dfd6cd88b.256p.jpg.jpeg,08f4be6287189613c69c5b5dfd6cd88b.256p.jpg.jpeg_crop_0.jpg,st e haa lor c hns
09616b3a79d984fcecbcc06409660931.256p.jpg.jpeg,09616b3a79d984fcecbcc06409660931.256p.jpg.jpeg_crop_0.jpg,
0973dbab1cd448060518fa00a079616c.256p.jpg.jpeg,0973dbab1cd448060518fa00a079616c.256p.jpg.jpeg_crop_0.jpg,5070 ertx oeforce pny fny
09e373465295e5629efd7959a7147a3b.256p.jpg.jpeg,09e373465295e5629efd7959a7147a3b.256p.jpg.jpeg_crop_0.jpg,torce sligan delta in ruz tforce tet delia mu
0a0b12a29d901a2fef4cd49748f3cc54.256p.jpg.jpeg,0a0b12a29d901a2fef4cd49748f3cc54.256p.jpg.jpeg_crop_0.jpg,ca cuk atc cnvm a tn nvs r 1re kingston aamosroee
0aace4b7694fde3ec5552a640c0f95a5.256p.jpg.jpeg,0aace4b7694fde3ec5552a640c0f95a5.256p.jpg.jpeg_crop_0.jpg,
0b600a0ada98f511e01e72c821404686.256p.jpg.jpeg,0b600a0ada98f511e01e72c821404686.256p.jpg.jpeg_crop_0.jpg,
0b9bfd76b0d511a6eff3730d12d5f95c.256p.jpg.jpeg,0b9bfd76b0d511a6eff3730d12d5f95c.256p.jpg.jpeg_crop_0.jpg,poghl msn z tm moo chods sc sp blue wd
0c018b979ff6fbae25436e7e64c5a140.256p.jpg.jpeg,0c018b979ff6fbae25436e7e64c5a140.256p.jpg.jpeg_crop_0.jpg,
0c0d62393e77cdf888840f591ae503e5.256p.jpg.jpeg,0c0d62393e77cdf888840f591ae503e5.256p.jpg.jpeg_crop_0.jpg,s i a df  s s pe
0c15d5db66e04ad50dd39228ced3a511.256p.jpg.jpeg,0c15d5db66e04ad50dd39228ced3a511.256p.jpg.jpeg_crop_0.jpg,
0cda49e883ff1ea3cab69e0808746f27.256p.jpg.jpeg,0cda49e883ff1ea3cab69e0808746f27.256p.jpg.jpeg_crop_0.jpg,
0dd4e1eecc238b78a3b4abfa14af9d50.256p.jpg.jpeg,0dd4e1eecc238b78a3b4abfa14af9d50.256p.jpg.jpeg_crop_0.jpg,slomnr dsflcols
0e6a8954c4ddd51ffeaac409a3b2f9f7.256p.jpg.jpeg,0e6a8954c4ddd51ffeaac409a3b2f9f7.256p.jpg.jpeg_crop_0.jpg,to
0ed8fa4e4185c0805af11654b603c6b2.256p.jpg.jpeg,0ed8fa4e4185c0805af11654b603c6b2.256p.jpg.jpeg_crop_0.jpg,i a lng hlro
0f3e8c7fec641072601f855e0e3f8cf2.256p.jpg.jpeg,0f3e8c7fec641072601f855e0e3f8cf2.256p.jpg.jpeg_crop_0.jpg,
0f3ec8d968661b3bfc4a7250f78ec8a9.256p.jpg.jpeg,0f3ec8d968661b3bfc4a7250f78ec8a9.256p.jpg.jpeg_crop_0.jpg,compue barracudas seagate
0f7d3cf44d7b3628c00c65f3f476d52e.256p.jpg.jpeg,0f7d3cf44d7b3628c00c65f3f476d52e.256p.jpg.jpeg_crop_0.jpg,de
0fafab2378a6251b4948133adfe09d3d.256p.jpg.jpeg,0fafab2378a6251b4948133adfe09d3d.256p.jpg.jpeg_crop_0.jpg,tforce gso
0ff9e0317d9c4b1e99938a2f02ccb165.256p.jpg.jpeg,0ff9e0317d9c4b1e99938a2f02ccb165.256p.jpg.jpeg_crop_0.jpg,
11742fd6eec55fde4e3ee3a79529a111.256p.jpg.jpeg,11742fd6eec55fde4e3ee3a79529a111.256p.jpg.jpeg_crop_0.jpg,vengeance mengeance
1181de6bb1f33eb13aba4cab40a3d10c.256p.jpg.jpeg,1181de6bb1f33eb13aba4cab40a3d10c.256p.jpg.jpeg_crop_0.jpg,c chtooo
119d0908566b15ced62e41f53a108469.256p.jpg.jpeg,119d0908566b15ced62e41f53a108469.256p.jpg.jpeg_crop_0.jpg,msi ms
119ef93ef95a60950418031082149c5b.256p.jpg.jpeg,119ef93ef95a60950418031082149c5b.256p.jpg.jpeg_crop_0.jpg,andir ryzen amdet dzen ie
127cc163cf3e552499471f1908f99cfe.256p.jpg.jpeg,127cc163cf3e552499471f1908f99cfe.256p.jpg.jpeg_crop_0.jpg,
1288d1aa8f62f15d8ff05f28a8575a93.256p.jpg.jpeg,1288d1aa8f62f15d8ff05f28a8575a93.256p.jpg.jpeg_crop_0.jpg,
12d937d90590710d44e87577e35c530f.256p.jpg.jpeg,12d937d90590710d44e87577e35c530f.256p.jpg.jpeg_crop_0.jpg,1od n i  toes oely mue
12f86981f480322cc08d5561239cba2d.256p.jpg.jpeg,12f86981f480322cc08d5561239cba2d.256p.jpg.jpeg_crop_0.jpg,pmonor reeky hce n ser cmtoco oater
136567e8e098d881d15de177db1e9243.256p.jpg.jpeg,136567e8e098d881d15de177db1e9243.256p.jpg.jpeg_crop_0.jpg,
13c3f469b64531efeed4d2b114e8a021.256p.jpg.jpeg,13c3f469b64531efeed4d2b114e8a021.256p.jpg.jpeg_crop_0.jpg,a a e l
13eff9fb98909107806f62c493d3775f.256p.jpg.jpeg,13eff9fb98909107806f62c493d3775f.256p.jpg.jpeg_crop_0.jpg,ztb mni evopls go sarstng o vnands
14006f097772a18096431e1627300499.256p.jpg.jpeg,14006f097772a18096431e1627300499.256p.jpg.jpeg_crop_0.jpg,sopy g
147f3c308af738ae654e7cd9361fb780.256p.jpg.jpeg,147f3c308af738ae654e7cd9361fb780.256p.jpg.jpeg_crop_0.jpg,
14adcd1fc88ebf386b746037c966b6af.256p.jpg.jpeg,14adcd1fc88ebf386b746037c966b6af.256p.jpg.jpeg_crop_0.jpg,sroa rei desicmeot edtswns m ipetong sult ryzen ander
1574b4ca51100d42eb00a882a6481427.256p.jpg.jpeg,1574b4ca51100d42eb00a882a6481427.256p.jpg.jpeg_crop_0.jpg,vancenes
157afeba59d05304fe181106745e6177.256p.jpg.jpeg,157afeba59d05304fe181106745e6177.256p.jpg.jpeg_crop_0.jpg,
15c1e29ddca56341b5ae08d55bd43b89.256p.jpg.jpeg,15c1e29ddca56341b5ae08d55bd43b89.256p.jpg.jpeg_crop_0.jpg,
160efdc913b158179077601d43569379.256p.jpg.jpeg,160efdc913b158179077601d43569379.256p.jpg.jpeg_crop_0.jpg,hal log reaph
16683cbcca9f17747a47760100f78d94.256p.jpg.jpeg,16683cbcca9f17747a47760100f78d94.256p.jpg.jpeg_crop_0.jpg,ezs
16737e90e9f870688fae72fd6fda4652.256p.jpg.jpeg,16737e90e9f870688fae72fd6fda4652.256p.jpg.jpeg_crop_0.jpg,vengeane
16ab7cbdba34490d23b883f1253ab148.256p.jpg.jpeg,16ab7cbdba34490d23b883f1253ab148.256p.jpg.jpeg_crop_0.jpg,ada ryzen amba s fen meg
16dca5ad82a279a9232b0cbcb6ed71bf.256p.jpg.jpeg,16dca5ad82a279a9232b0cbcb6ed71bf.256p.jpg.jpeg_crop_0.jpg,
1752baa3ddb162df098cf33b0b6eeae3.256p.jpg.jpeg,1752baa3ddb162df098cf33b0b6eeae3.256p.jpg.jpeg_crop_0.jpg,rones d
17af431eeae6b8cc280717a7f3bf3da3.256p.jpg.jpeg,17af431eeae6b8cc280717a7f3bf3da3.256p.jpg.jpeg_crop_0.jpg,
17d82d241bff0efdd1c32fbcf9822c14.256p.jpg.jpeg,17d82d241bff0efdd1c32fbcf9822c14.256p.jpg.jpeg_crop_0.jpg,reguired sorophics discrete snoos core intel 55
194bb19f86f9bc3969c42346a261f480.256p.jpg.jpeg,194bb19f86f9bc3969c42346a261f480.256p.jpg.jpeg_crop_0.jpg,
1977a3a3f6f1238d12ea2a555be4d7ce.256p.jpg.jpeg,1977a3a3f6f1238d12ea2a555be4d7ce.256p.jpg.jpeg_crop_0.jpg,
1981efb68609538f2335a025f575a5dd.256p.jpg.jpeg,1981efb68609538f2335a025f575a5dd.256p.jpg.jpeg_crop_0.jpg,vengence
19fb12d5828d3ae540e91eefa4160b79.256p.jpg.jpeg,19fb12d5828d3ae540e91eefa4160b79.256p.jpg.jpeg_crop_0.jpg,od unlocked ultra t  i g core intel
1a712c4fc7eec20d6af59f2992e40962.256p.jpg.jpeg,1a712c4fc7eec20d6af59f2992e40962.256p.jpg.jpeg_crop_0.jpg,sn3100 black wo cie sheles so sblacks
1a89e55daad13315da1822c1630dc26c.256p.jpg.jpeg,1a89e55daad13315da1822c1630dc26c.256p.jpg.jpeg_crop_0.jpg,core g intel hold ath i l l
1adad593d049169c8f3bb35a682a0fab.256p.jpg.jpeg,1adad593d049169c8f3bb35a682a0fab.256p.jpg.jpeg_crop_0.jpg,
1add1f9857eec8cf98c8963331dfe4b6.256p.jpg.jpeg,1add1f9857eec8cf98c8963331dfe4b6.256p.jpg.jpeg_crop_0.jpg,
1c096a9315345f920e4988fc4eda404e.256p.jpg.jpeg,1c096a9315345f920e4988fc4eda404e.256p.jpg.jpeg_crop_0.jpg,
1cd42b90d913aa4fe2338eb376fd3e2d.256p.jpg.jpeg,1cd42b90d913aa4fe2338eb376fd3e2d.256p.jpg.jpeg_crop_0.jpg,s rta i bow husen core intel 55
1d3c099db66ec0e9f5a65298b5aa5b96.256p.jpg.jpeg,1d3c099db66ec0e9f5a65298b5aa5b96.256p.jpg.jpeg_crop_0.jpg,aow s ds s
1d7073a2deda3bd22963a7e248bbe3e4.256p.jpg.jpeg,1d7073a2deda3bd22963a7e248bbe3e4.256p.jpg.jpeg_crop_0.jpg,sns sas s meuish mne sn dkol lsm ryzen ryzen amde amdal
1d7438dfe855e147c0e8b3f235453b2b.256p.jpg.jpeg,1d7438dfe855e147c0e8b3f235453b2b.256p.jpg.jpeg_crop_0.jpg,coorom coom tomoooonto h coo i poooeto crloo i t
1d8ae56612d85a6804f4da9a9bc4c5e4.256p.jpg.jpeg,1d8ae56612d85a6804f4da9a9bc4c5e4.256p.jpg.jpeg_crop_0.jpg,e
1dd09dfdc581be6224a323d49d714c7f.256p.jpg.jpeg,1dd09dfdc581be6224a323d49d714c7f.256p.jpg.jpeg_crop_0.jpg,rizen mon ryzen landat floeon jamdet de
1e057960fccae4328fbdc13bb45bf42c.256p.jpg.jpeg,1e057960fccae4328fbdc13bb45bf42c.256p.jpg.jpeg_crop_0.jpg,o
1e1c3a84fdb8ea01eec98abd4c40d5d8.256p.jpg.jpeg,1e1c3a84fdb8ea01eec98abd4c40d5d8.256p.jpg.jpeg_crop_0.jpg,
1e20fcdfc3ac73aae41d19e73b2d505c.256p.jpg.jpeg,1e20fcdfc3ac73aae41d19e73b2d505c.256p.jpg.jpeg_crop_0.jpg,
1e3308cded9a7c92a8dba6b2be976bcc.256p.jpg.jpeg,1e3308cded9a7c92a8dba6b2be976bcc.256p.jpg.jpeg_crop_0.jpg,sian
1e9e70d03e7edd0274691d5f49a34a50.256p.jpg.jpeg,1e9e70d03e7edd0274691d5f49a34a50.256p.jpg.jpeg_crop_0.jpg,a ts unlocked ultra g core intel
1ebe7481f8913ec4a4ee845a71de622b.256p.jpg.jpeg,1ebe7481f8913ec4a4ee845a71de622b.256p.jpg.jpeg_crop_0.jpg,ma bo po nm
1ec7a3be51497aa3abf33c2afcdbf5d0.256p.jpg.jpeg,1ec7a3be51497aa3abf33c2afcdbf5d0.256p.jpg.jpeg_crop_0.jpg,nw t nuu nr n nww n c
1ed350a75c7a342fcca3147cd9fab0e7.256p.jpg.jpeg,1ed350a75c7a342fcca3147cd9fab0e7.256p.jpg.jpeg_crop_0.jpg,
1f2aab4ab8e27a0ec320481944020943.256p.jpg.jpeg,1f2aab4ab8e27a0ec320481944020943.256p.jpg.jpeg_crop_0.jpg,ao 1021 galatsia a cade taay ti sifflged plsoostons aoor na coo bodoocaded ryzon amd 1700 ryzen amdei
1f3a70baa047ae18e1af31b89a344d2b.256p.jpg.jpeg,1f3a70baa047ae18e1af31b89a344d2b.256p.jpg.jpeg_crop_0.jpg,samsung
2013c4ce3ec7d5db6186ff0fc52b98b2.256p.jpg.jpeg,2013c4ce3ec7d5db6186ff0fc52b98b2.256p.jpg.jpeg_crop_0.jpg,
2051a9a304e2281fca519576296b3823.256p.jpg.jpeg,2051a9a304e2281fca519576296b3823.256p.jpg.jpeg_crop_0.jpg,tb iron wolfs seagate
21f390a2caf255ac942d9f4d4899adee.256p.jpg.jpeg,21f390a2caf255ac942d9f4d4899adee.256p.jpg.jpeg_crop_0.jpg,
233f7973b2f73df3b3273091792a871d.256p.jpg.jpeg,233f7973b2f73df3b3273091792a871d.256p.jpg.jpeg_crop_0.jpg,
2378ddd83c556329e01372a181d44328.256p.jpg.jpeg,2378ddd83c556329e01372a181d44328.256p.jpg.jpeg_crop_0.jpg,
239b1d3f3ab075d5d3c988790ff8dbf6.256p.jpg.jpeg,239b1d3f3ab075d5d3c988790ff8dbf6.256p.jpg.jpeg_crop_0.jpg,toom dof e hon c h s
23a1e1dd2f60fa785cdb2997371feabf.256p.jpg.jpeg,23a1e1dd2f60fa785cdb2997371feabf.256p.jpg.jpeg_crop_0.jpg,
23a44aca951ebb3941da82243d5e9e20.256p.jpg.jpeg,23a44aca951ebb3941da82243d5e9e20.256p.jpg.jpeg_crop_0.jpg,zd boelo i
23cd3adfd50037c1b44d6d53edb15248.256p.jpg.jpeg,23cd3adfd50037c1b44d6d53edb15248.256p.jpg.jpeg_crop_0.jpg,ti t aoa senos ryzen ryzen samde
242cc7c9d1e07078de3b04029e20dd82.256p.jpg.jpeg,242cc7c9d1e07078de3b04029e20dd82.256p.jpg.jpeg_crop_0.jpg,atb m tno pro g0 nand samsuno eo a
24498205825bda83d2141b3f02cac70c.256p.jpg.jpeg,24498205825bda83d2141b3f02cac70c.256p.jpg.jpeg_crop_0.jpg,
24adca630b5c708e106099fc958825a1.256p.jpg.jpeg,24adca630b5c708e106099fc958825a1.256p.jpg.jpeg_crop_0.jpg,
24d251679c92dd15d250e400ea873727.256p.jpg.jpeg,24d251679c92dd15d250e400ea873727.256p.jpg.jpeg_crop_0.jpg,s anall riplaws ris
25a1bf52562913032cce0b7a71b9e323.256p.jpg.jpeg,25a1bf52562913032cce0b7a71b9e323.256p.jpg.jpeg_crop_0.jpg,cnn devot pus 9oe salisung so vnano
25aa74d682bfbb478cc7089f30086e4b.256p.jpg.jpeg,25aa74d682bfbb478cc7089f30086e4b.256p.jpg.jpeg_crop_0.jpg,
26411ed56b8f23776f841818083ed115.256p.jpg.jpeg,26411ed56b8f23776f841818083ed115.256p.jpg.jpeg_crop_0.jpg,fusss st ktch t705 crucial
26d2fcb6a3797a23e5a7bfe1657fb2a8.256p.jpg.jpeg,26d2fcb6a3797a23e5a7bfe1657fb2a8.256p.jpg.jpeg_crop_0.jpg,vengene canee
27cd6b6053ee53ff751d09ab574ecd46.256p.jpg.jpeg,27cd6b6053ee53ff751d09ab574ecd46.256p.jpg.jpeg_crop_0.jpg,cpesbo scens
27f7a8fb1bb5a1949879ec482c922757.256p.jpg.jpeg,27f7a8fb1bb5a1949879ec482c922757.256p.jpg.jpeg_crop_0.jpg,gd sesnes ryzen amdii da se azen andi
2830bf3ba317c794ccde742efe4304be.256p.jpg.jpeg,2830bf3ba317c794ccde742efe4304be.256p.jpg.jpeg_crop_0.jpg,f m lus crucial pi
289050b8f57e88a5cc6ea4463310a5ef.256p.jpg.jpeg,289050b8f57e88a5cc6ea4463310a5ef.256p.jpg.jpeg_crop_0.jpg,
28e8ce6b41464b892862574420f45b63.256p.jpg.jpeg,28e8ce6b41464b892862574420f45b63.256p.jpg.jpeg_crop_0.jpg,
297a1bced0fdc057482d491aed331bc2.256p.jpg.jpeg,297a1bced0fdc057482d491aed331bc2.256p.jpg.jpeg_crop_0.jpg,expo les s s r dne tets royfs tneo tes
29833e8353ae67f63a7df509ec4a6367.256p.jpg.jpeg,29833e8353ae67f63a7df509ec4a6367.256p.jpg.jpeg_crop_0.jpg,c
29b838814626cac9b060a2d2c0a293cd.256p.jpg.jpeg,29b838814626cac9b060a2d2c0a293cd.256p.jpg.jpeg_crop_0.jpg,istue drve soid samsung
29d0c5fc21054e86e0745c1395dc8e7e.256p.jpg.jpeg,29d0c5fc21054e86e0745c1395dc8e7e.256p.jpg.jpeg_crop_0.jpg,
2a5856ab677607ec6f3b1c25bed693ab.256p.jpg.jpeg,2a5856ab677607ec6f3b1c25bed693ab.256p.jpg.jpeg_crop_0.jpg,expo am flire giskill flare
2a87a9a2a5a34b013ae637285470d93a.256p.jpg.jpeg,2a87a9a2a5a34b013ae637285470d93a.256p.jpg.jpeg_crop_0.jpg,sander ryzen amdai ses ce ai lamdes
2a9181a93dc5c38ea219e25f07ff1322.256p.jpg.jpeg,2a9181a93dc5c38ea219e25f07ff1322.256p.jpg.jpeg_crop_0.jpg,
2ab730e97b1b101a403a3c7185213c58.256p.jpg.jpeg,2ab730e97b1b101a403a3c7185213c58.256p.jpg.jpeg_crop_0.jpg,i ms
2aff821ed66963cb32fb0c71b093eccc.256p.jpg.jpeg,2aff821ed66963cb32fb0c71b093eccc.256p.jpg.jpeg_crop_0.jpg,khore 0980 sdi samsunc
2b2897ac0de148a2935c3277573131b3.256p.jpg.jpeg,2b2897ac0de148a2935c3277573131b3.256p.jpg.jpeg_crop_0.jpg,
2b6505f267e91c686ae87e596ed59260.256p.jpg.jpeg,2b6505f267e91c686ae87e596ed59260.256p.jpg.jpeg_crop_0.jpg,pose
2bb6d5c9fa86895c102e1ee17fbebdf3.256p.jpg.jpeg,2bb6d5c9fa86895c102e1ee17fbebdf3.256p.jpg.jpeg_crop_0.jpg,
2bbb6b8dc2a1b1dbd36d70f7733677f3.256p.jpg.jpeg,2bbb6b8dc2a1b1dbd36d70f7733677f3.256p.jpg.jpeg_crop_0.jpg,msl
2bd00f9c70e64226475ef438ba030157.256p.jpg.jpeg,2bd00f9c70e64226475ef438ba030157.256p.jpg.jpeg_crop_0.jpg,vengence vengennce
2c06f017723d991b814947ff0c9bd519.256p.jpg.jpeg,2c06f017723d991b814947ff0c9bd519.256p.jpg.jpeg_crop_0.jpg,f r la bog tones m s 1 e
2c091ea31f2b5c8f08dd51ef546046b0.256p.jpg.jpeg,2c091ea31f2b5c8f08dd51ef546046b0.256p.jpg.jpeg_crop_0.jpg,plus evo 990
2c2a93ae222699dace151a0f718e21c0.256p.jpg.jpeg,2c2a93ae222699dace151a0f718e21c0.256p.jpg.jpeg_crop_0.jpg,andi ryzen amdei s e ael samdly
2c2fdd7955d600df94b93f2615d6dc6a.256p.jpg.jpeg,2c2fdd7955d600df94b93f2615d6dc6a.256p.jpg.jpeg_crop_0.jpg,
2c576ecaedba7428ac231ac4f1e12a4d.256p.jpg.jpeg,2c576ecaedba7428ac231ac4f1e12a4d.256p.jpg.jpeg_crop_0.jpg,dstated de solid samsung
2d3753cee2dbfa61874918b8d3f9cf93.256p.jpg.jpeg,2d3753cee2dbfa61874918b8d3f9cf93.256p.jpg.jpeg_crop_0.jpg,vengence
2f3405387f23ab827695d966ea9f9682.256p.jpg.jpeg,2f3405387f23ab827695d966ea9f9682.256p.jpg.jpeg_crop_0.jpg,unlocrob core intel
2fd893bbd3486b3f2878a98bb949e0bb.256p.jpg.jpeg,2fd893bbd3486b3f2878a98bb949e0bb.256p.jpg.jpeg_crop_0.jpg,utmbue uel
3029551a5188e0135f3106c0d45ddf6d.256p.jpg.jpeg,3029551a5188e0135f3106c0d45ddf6d.256p.jpg.jpeg_crop_0.jpg,fo90 sogd bon erts gerocer ae foia men pl astral al rog
307bb60c041130ea5d65a3b97e63648a.256p.jpg.jpeg,307bb60c041130ea5d65a3b97e63648a.256p.jpg.jpeg_crop_0.jpg,rix s rtx prixs geforce seforle t tagamings zotanga
308921dd82c7029537edd075cf518569.256p.jpg.jpeg,308921dd82c7029537edd075cf518569.256p.jpg.jpeg_crop_0.jpg,
3097c6aa9533b84ddbaa1ce0be506081.256p.jpg.jpeg,3097c6aa9533b84ddbaa1ce0be506081.256p.jpg.jpeg_crop_0.jpg,m
30e327c37564b45a51e587a2ed584db7.256p.jpg.jpeg,30e327c37564b45a51e587a2ed584db7.256p.jpg.jpeg_crop_0.jpg,ripsawst
310jEGnm7yL.jpg.jpeg,310jEGnm7yL.jpg.jpeg_crop_0.jpg,dors vengeance
311vehRJz4L.jpg.jpeg,311vehRJz4L.jpg.jpeg_crop_0.jpg,ower boalaineteeed ower coa senhorstond
3137jN3vkqL.jpg.jpeg,3137jN3vkqL.jpg.jpeg_crop_0.jpg,pro 9100 samsung
3138eb73b8a80dfd7e279a4c1d7ab934.256p.jpg.jpeg,3138eb73b8a80dfd7e279a4c1d7ab934.256p.jpg.jpeg_crop_0.jpg,
3148f884b77b2d7abee3a3e0ad72cf73.256p.jpg.jpeg,3148f884b77b2d7abee3a3e0ad72cf73.256p.jpg.jpeg_crop_0.jpg,s
315dec7805c5f01538f5748620fddffa.256p.jpg.jpeg,315dec7805c5f01538f5748620fddffa.256p.jpg.jpeg_crop_0.jpg,
318f4Q17BeL.jpg.jpeg,318f4Q17BeL.jpg.jpeg_crop_0.jpg,
318GA-iDDxL.jpg.jpeg,318GA-iDDxL.jpg.jpeg_crop_0.jpg,devoey ddrs owc owe
3190e28306e4fabc7a8f363ddbf08a22.256p.jpg.jpeg,3190e28306e4fabc7a8f363ddbf08a22.256p.jpg.jpeg_crop_0.jpg,ddrs xpg t i ag
31Adfb2lk+L.jpg.jpeg,31Adfb2lk+L.jpg.jpeg_crop_0.jpg,
31asQLA0njL.jpg.jpeg,31asQLA0njL.jpg.jpeg_crop_0.jpg,exeos kporss sgene
31bfc270950571313482b67027c01cf2.256p.jpg.jpeg,31bfc270950571313482b67027c01cf2.256p.jpg.jpeg_crop_0.jpg,
31bjjZkjSOL.jpg.jpeg,31bjjZkjSOL.jpg.jpeg_crop_0.jpg,c ss
31cp25MypNS.jpg.jpeg,31cp25MypNS.jpg.jpeg_crop_0.jpg,s s l poie nvme mz pd r2280s gamma mushkin i s s s doo s bed paop n
31d5vEA4gOL.jpg.jpeg,31d5vEA4gOL.jpg.jpeg_crop_0.jpg,se soss sn boal t sors soms snn
31dtrhu3x8L.jpg.jpeg,31dtrhu3x8L.jpg.jpeg_crop_0.jpg,
31dtu8k-RkL.jpg.jpeg,31dtu8k-RkL.jpg.jpeg_crop_0.jpg,rcev pcrase schon
31ITAX-GoIL.jpg.jpeg,31ITAX-GoIL.jpg.jpeg_crop_0.jpg,dstatel drive solids samsung
31Jz10dwCWL.jpg.jpeg,31Jz10dwCWL.jpg.jpeg_crop_0.jpg,tremoneds worronty troid i i vnvoomng tonn h nvmc mi model pudso atb h4x4 ebenk assos zocied mzp eoa anslluco mo ca sp cefce diel uk
31Ny8VnuAKL.jpg.jpeg,31Ny8VnuAKL.jpg.jpeg_crop_0.jpg,mm gen prie nvie lxa imo fi series xgz000 kingspec
31p3IUZV+ZL.jpg.jpeg,31p3IUZV+ZL.jpg.jpeg_crop_0.jpg,eme invie eaoi pcie kingstone kczood
31PUCe1FXnL.jpg.jpeg,31PUCe1FXnL.jpg.jpeg_crop_0.jpg,
31q+8WFRGXL.jpg.jpeg,31q+8WFRGXL.jpg.jpeg_crop_0.jpg,
31TAUSyRkcL.jpg.jpeg,31TAUSyRkcL.jpg.jpeg_crop_0.jpg,evie pcle em2 platinum sd pats chynix ski i g
31TAUSyRkcL.jpg.jpeg,31TAUSyRkcL.jpg.jpeg_crop_1.jpg,vie pcle emz platinum d pat chynix l e j
31TXw1-90XL.jpg.jpeg,31TXw1-90XL.jpg.jpeg_crop_0.jpg,klevv fitv klevv fity
31xsZ-NMDBL.jpg.jpeg,31xsZ-NMDBL.jpg.jpeg_crop_0.jpg,ploolite exus geng m2 eed isd pairict
31yD9v03o5L.jpg.jpeg,31yD9v03o5L.jpg.jpeg_crop_0.jpg,graphene h avo ton gont trn tforce
322a6059c413dd736536e5ad5c3a2285.256p.jpg.jpeg,322a6059c413dd736536e5ad5c3a2285.256p.jpg.jpeg_crop_0.jpg,
326881d073c1b667bd348893696c690e.256p.jpg.jpeg,326881d073c1b667bd348893696c690e.256p.jpg.jpeg_crop_0.jpg,ite m goevoplus v samsung snanes p
32edc55907aae5cb63ec877846bb73ac.256p.jpg.jpeg,32edc55907aae5cb63ec877846bb73ac.256p.jpg.jpeg_crop_0.jpg,
331bcd7f5044608c8b4e0a2437219229.256p.jpg.jpeg,331bcd7f5044608c8b4e0a2437219229.256p.jpg.jpeg_crop_0.jpg,hie core intel t trge i
336c7955df0312d04655dd3a13973c95.256p.jpg.jpeg,336c7955df0312d04655dd3a13973c95.256p.jpg.jpeg_crop_0.jpg,sue
34813b9b3153ddbea54e46dfe496930e.256p.jpg.jpeg,34813b9b3153ddbea54e46dfe496930e.256p.jpg.jpeg_crop_0.jpg,12
352d14da4f6e847989132472aa4dc95f.256p.jpg.jpeg,352d14da4f6e847989132472aa4dc95f.256p.jpg.jpeg_crop_0.jpg,12
3567a863156c083a7d4c8fcb7e0dbdac.256p.jpg.jpeg,3567a863156c083a7d4c8fcb7e0dbdac.256p.jpg.jpeg_crop_0.jpg,i me sues eyzel c ryzen galomics badeon amde amdnt oud crossited
36739b3a1511a7c493b2f987b43cd144.256p.jpg.jpeg,36739b3a1511a7c493b2f987b43cd144.256p.jpg.jpeg_crop_0.jpg,fyzan dndet ryzen lamdel jamda
367d869b80f32e8faa3075378677e28e.256p.jpg.jpeg,367d869b80f32e8faa3075378677e28e.256p.jpg.jpeg_crop_0.jpg,cad cmhe si core s intel cee
36fe212ae1df2ee3ea86f193354e27fb.256p.jpg.jpeg,36fe212ae1df2ee3ea86f193354e27fb.256p.jpg.jpeg_crop_0.jpg,
370365e652c3b14625e18aedae953a7b.256p.jpg.jpeg,370365e652c3b14625e18aedae953a7b.256p.jpg.jpeg_crop_0.jpg,
370f3e820daf59ae47e87c94e296822d.256p.jpg.jpeg,370f3e820daf59ae47e87c94e296822d.256p.jpg.jpeg_crop_0.jpg,cchal
372a584cebeca5f57266bf0f07e6831c.256p.jpg.jpeg,372a584cebeca5f57266bf0f07e6831c.256p.jpg.jpeg_crop_0.jpg,e
3760e89d1820da393f084e2c18a62e3b.256p.jpg.jpeg,3760e89d1820da393f084e2c18a62e3b.256p.jpg.jpeg_crop_0.jpg,syntocked sin se unted
3803ebb09f64ddc954a86cb7b45a8ebd.256p.jpg.jpeg,3803ebb09f64ddc954a86cb7b45a8ebd.256p.jpg.jpeg_crop_0.jpg,
380e4e901c90ee37c37f95daf095481b.256p.jpg.jpeg,380e4e901c90ee37c37f95daf095481b.256p.jpg.jpeg_crop_0.jpg,
393f3d73165045839334a1621040ee20.256p.jpg.jpeg,393f3d73165045839334a1621040ee20.256p.jpg.jpeg_crop_0.jpg,umnl
39b44057eccd6eb120ce03241efb9758.256p.jpg.jpeg,39b44057eccd6eb120ce03241efb9758.256p.jpg.jpeg_crop_0.jpg,
39f468764f322157ce781ad2c4fa803b.256p.jpg.jpeg,39f468764f322157ce781ad2c4fa803b.256p.jpg.jpeg_crop_0.jpg, roved 1070 so tumam ventusses
3a24ca834f2b252f719640f8b8448b6c.256p.jpg.jpeg,3a24ca834f2b252f719640f8b8448b6c.256p.jpg.jpeg_crop_0.jpg,
3b2a91588d1a28bfa1b0184fb7f1c0a1.256p.jpg.jpeg,3b2a91588d1a28bfa1b0184fb7f1c0a1.256p.jpg.jpeg_crop_0.jpg,ztb to fa oors pro 90 samsunc wnand pd
3b2d769c28b9890779f87a7568887dfc.256p.jpg.jpeg,3b2d769c28b9890779f87a7568887dfc.256p.jpg.jpeg_crop_0.jpg,ced pond ined tn sin
3b48514507cb494a63445b44ad4592ec.256p.jpg.jpeg,3b48514507cb494a63445b44ad4592ec.256p.jpg.jpeg_crop_0.jpg,
3b9e84b0c082af2c8d1beed2698c3a69.256p.jpg.jpeg,3b9e84b0c082af2c8d1beed2698c3a69.256p.jpg.jpeg_crop_0.jpg,se
3ba98d49243674bac25ebc39e6cc1fbc.256p.jpg.jpeg,3ba98d49243674bac25ebc39e6cc1fbc.256p.jpg.jpeg_crop_0.jpg,
3c03726c558dde11a8bb793ec09bfda8.256p.jpg.jpeg,3c03726c558dde11a8bb793ec09bfda8.256p.jpg.jpeg_crop_0.jpg,gy ic ho 500 snecco sso onvig blue wd
3d487ee6ea150ca534c123f409cbae68.256p.jpg.jpeg,3d487ee6ea150ca534c123f409cbae68.256p.jpg.jpeg_crop_0.jpg,
3dfb3eca3bd8bf176490b7955ae6345c.256p.jpg.jpeg,3dfb3eca3bd8bf176490b7955ae6345c.256p.jpg.jpeg_crop_0.jpg,
3ec80850afc7392a6dad4b82ef95c424.256p.jpg.jpeg,3ec80850afc7392a6dad4b82ef95c424.256p.jpg.jpeg_crop_0.jpg,so
3ed831f2c6b1c74abe73d5c4d40bd306.256p.jpg.jpeg,3ed831f2c6b1c74abe73d5c4d40bd306.256p.jpg.jpeg_crop_0.jpg,prorn e
3ef69f2637de8bfe3600a2298437ff83.256p.jpg.jpeg,3ef69f2637de8bfe3600a2298437ff83.256p.jpg.jpeg_crop_0.jpg,
3ef69f2637de8bfe3600a2298437ff83.256p.jpg.jpeg,3ef69f2637de8bfe3600a2298437ff83.256p.jpg.jpeg_crop_1.jpg,
3ef757133d38ac40afe75da691ba7d60.256p.jpg.jpeg,3ef757133d38ac40afe75da691ba7d60.256p.jpg.jpeg_crop_0.jpg,jng m ayzen i s lon ryzen andal amda
3f4e2db365667ee5ddbdb82520762e25.256p.jpg.jpeg,3f4e2db365667ee5ddbdb82520762e25.256p.jpg.jpeg_crop_0.jpg,i s h wn anctic a
3f7037db801def4db8418df8e7498e6a.256p.jpg.jpeg,3f7037db801def4db8418df8e7498e6a.256p.jpg.jpeg_crop_0.jpg,unlocked s s t s s t l s t p core intel t2ages
3f727799b9fc5e83f0e8953759946bd2.256p.jpg.jpeg,3f727799b9fc5e83f0e8953759946bd2.256p.jpg.jpeg_crop_0.jpg,mer tloored core intel a
3fa3c80c1defc487364f6bdaf2670b1e.256p.jpg.jpeg,3fa3c80c1defc487364f6bdaf2670b1e.256p.jpg.jpeg_crop_0.jpg,aacomous miste
3fb2d887e5a452db696692c8205dd369.256p.jpg.jpeg,3fb2d887e5a452db696692c8205dd369.256p.jpg.jpeg_crop_0.jpg,
3fbe36d4153d010e46505b197701865a.256p.jpg.jpeg,3fbe36d4153d010e46505b197701865a.256p.jpg.jpeg_crop_0.jpg,n snn frit m p lexar nmtso
3fc0cebea011952b5ccdfcf28c99b221.256p.jpg.jpeg,3fc0cebea011952b5ccdfcf28c99b221.256p.jpg.jpeg_crop_0.jpg,sous sotae ivoa eoaes s invle chem pny
3fd5aee2fd8854d15ef3c81dcd9599f5.256p.jpg.jpeg,3fd5aee2fd8854d15ef3c81dcd9599f5.256p.jpg.jpeg_crop_0.jpg,i piiso r tol ca too crucial
3fecb5a05a7f614ab70e1ace80e3baee.256p.jpg.jpeg,3fecb5a05a7f614ab70e1ace80e3baee.256p.jpg.jpeg_crop_0.jpg,bls l
40e47e0c22c38ba2269880dd81c305f3.256p.jpg.jpeg,40e47e0c22c38ba2269880dd81c305f3.256p.jpg.jpeg_crop_0.jpg,
41-Cw6pz6eL.jpg.jpeg,41-Cw6pz6eL.jpg.jpeg_crop_0.jpg,
411KF1H0wVL.jpg.jpeg,411KF1H0wVL.jpg.jpeg_crop_0.jpg,f d mose s sn 31 si at pat supply power switchings ssow vetroo
414e8bbc373941c4b8a507b362ed7e55.256p.jpg.jpeg,414e8bbc373941c4b8a507b362ed7e55.256p.jpg.jpeg_crop_0.jpg,
41595fJKAOL.jpg.jpeg,41595fJKAOL.jpg.jpeg_crop_0.jpg,
41639Z5b2tL.jpg.jpeg,41639Z5b2tL.jpg.jpeg_crop_0.jpg,soies n i taead
416H4YJElJL.jpg.jpeg,416H4YJElJL.jpg.jpeg_crop_0.jpg,te fay cnted edrives sseries dcpegoss desqliostated intels
418YiPnnATL.jpg.jpeg,418YiPnnATL.jpg.jpeg_crop_0.jpg,odie l m v
419fXKKDtvL.jpg.jpeg,419fXKKDtvL.jpg.jpeg_crop_0.jpg,tforce dos volcan tfoace dors vulcat
419Wim7TbYL.jpg.jpeg,419Wim7TbYL.jpg.jpeg_crop_0.jpg,
419zV-+pQ+L.jpg.jpeg,419zV-+pQ+L.jpg.jpeg_crop_0.jpg,somn a a tnenal
41ABgHL3pVL.jpg.jpeg,41ABgHL3pVL.jpg.jpeg_crop_0.jpg,
41aEb8InacL.jpg.jpeg,41aEb8InacL.jpg.jpeg_crop_0.jpg,b compute barracudal seagate
41aJwdGRuAL.jpg.jpeg,41aJwdGRuAL.jpg.jpeg_crop_0.jpg,trg hr
41aQSKl8SfL.jpg.jpeg,41aQSKl8SfL.jpg.jpeg_crop_0.jpg,s
41dQe-GXE9L.jpg.jpeg,41dQe-GXE9L.jpg.jpeg_crop_0.jpg,i m m m u d tl vlomn msi
41DxRprh6SL.jpg.jpeg,41DxRprh6SL.jpg.jpeg_crop_0.jpg,heal tadent anas g tneal taden gn
41e3ob6-J3L.jpg.jpeg,41e3ob6-J3L.jpg.jpeg_crop_0.jpg,
41ehLaPDbXL.jpg.jpeg,41ehLaPDbXL.jpg.jpeg_crop_0.jpg,l s a son golds jatks 0 centurh ready ready lae b mx rc amontechs montech
41EQBUlNKML.jpg.jpeg,41EQBUlNKML.jpg.jpeg_crop_0.jpg,dones
41Eyw5EG+4L.jpg.jpeg,41Eyw5EG+4L.jpg.jpeg_crop_0.jpg,beo israchd g md e swiff pror is brsom f bim fu
41fF-4VeSsL.jpg.jpeg,41fF-4VeSsL.jpg.jpeg_crop_0.jpg,cuon mce mib
41G0n8yq8CL.jpg.jpeg,41G0n8yq8CL.jpg.jpeg_crop_0.jpg,sincorsairs puesde damnonns tuned mgy drdnes oosnonisn aeos tae atons osialt pings
41G2GcCov2L.jpg.jpeg,41G2GcCov2L.jpg.jpeg_crop_0.jpg,n 1 joops trees m song was ans shmnoons tn sn hf shouss sumon soofs snus
41hFTmi5aUL.jpg.jpeg,41hFTmi5aUL.jpg.jpeg_crop_0.jpg,s sns k
41hGjQJ0DCL.jpg.jpeg,41hGjQJ0DCL.jpg.jpeg_crop_0.jpg,r oe memoes faei coas ower or core sevory
41Hsrx24RFL.jpg.jpeg,41Hsrx24RFL.jpg.jpeg_crop_0.jpg,cts i i il i lnd
41Iw6-0mo9L.jpg.jpeg,41Iw6-0mo9L.jpg.jpeg_crop_0.jpg,suts e o o g 9
41IWzc1mUwL.jpg.jpeg,41IWzc1mUwL.jpg.jpeg_crop_0.jpg,samsunge gelectroniss scolds wows camsung itb goomieed poegonmet emps rd opro 990 samsung dssid vnands
41jJSPS8W7L.jpg.jpeg,41jJSPS8W7L.jpg.jpeg_crop_0.jpg,vengeance i a vengeanced sedorss dors scora
41LLTGkmTRL.jpg.jpeg,41LLTGkmTRL.jpg.jpeg_crop_0.jpg,arctic
41m0Oop3ddL.jpg.jpeg,41m0Oop3ddL.jpg.jpeg_crop_0.jpg,
41NnYMvz2hL.jpg.jpeg,41NnYMvz2hL.jpg.jpeg_crop_0.jpg,sueaneas
41nPDROdGZS.jpg.jpeg,41nPDROdGZS.jpg.jpeg_crop_0.jpg,e e
41O+WwRauuL.jpg.jpeg,41O+WwRauuL.jpg.jpeg_crop_0.jpg,
41oLozsjh1L.jpg.jpeg,41oLozsjh1L.jpg.jpeg_crop_0.jpg,
41OqAPsU4iL.jpg.jpeg,41OqAPsU4iL.jpg.jpeg_crop_0.jpg,ir pn lons homi sipto i b76om jc s d asreck lsudn
41OxIR2UurL.jpg.jpeg,41OxIR2UurL.jpg.jpeg_crop_0.jpg,s r owe torey cann cors f owe hin sa cohe
41p+1HCX2BL.jpg.jpeg,41p+1HCX2BL.jpg.jpeg_crop_0.jpg,nontecs sing c h seed fi
41pBDy5c8nL.jpg.jpeg,41pBDy5c8nL.jpg.jpeg_crop_0.jpg,gold plus 80
41pZVxhhiWL.jpg.jpeg,41pZVxhhiWL.jpg.jpeg_crop_0.jpg,
41Q6UMps9NL.jpg.jpeg,41Q6UMps9NL.jpg.jpeg_crop_0.jpg,broahs pors rs thene
41qsQY8oXcL.jpg.jpeg,41qsQY8oXcL.jpg.jpeg_crop_0.jpg,e
41rBrq-tRNL.jpg.jpeg,41rBrq-tRNL.jpg.jpeg_crop_0.jpg,arctic
41TOck4ZY5L.jpg.jpeg,41TOck4ZY5L.jpg.jpeg_crop_0.jpg,s snn s
41tTcSFPOyS.jpg.jpeg,41tTcSFPOyS.jpg.jpeg_crop_0.jpg,ei ca co a k
41U7+6OZpVL.jpg.jpeg,41U7+6OZpVL.jpg.jpeg_crop_0.jpg,
41vcBqu9GoS.jpg.jpeg,41vcBqu9GoS.jpg.jpeg_crop_0.jpg,l
41vk2A72I3L.jpg.jpeg,41vk2A72I3L.jpg.jpeg_crop_0.jpg,eron
41xQi9FKIgL.jpg.jpeg,41xQi9FKIgL.jpg.jpeg_crop_0.jpg,nper niper
41z7Yocy0HL.jpg.jpeg,41z7Yocy0HL.jpg.jpeg_crop_0.jpg,gskill ripjaws gskill s5 ripjaws
41Zo8GoB2GS.jpg.jpeg,41Zo8GoB2GS.jpg.jpeg_crop_0.jpg,pumie
430bd0c0e205970df01f262dcc3ed9fa.256p.jpg.jpeg,430bd0c0e205970df01f262dcc3ed9fa.256p.jpg.jpeg_crop_0.jpg,vengenncs lengei sance
43191ac360269737064e20b57d60c9b6.256p.jpg.jpeg,43191ac360269737064e20b57d60c9b6.256p.jpg.jpeg_crop_0.jpg,
4396205566edcb98b328393b5a6e8c12.256p.jpg.jpeg,4396205566edcb98b328393b5a6e8c12.256p.jpg.jpeg_crop_0.jpg,low
43c4d752d1441ed420dd80502e718918.256p.jpg.jpeg,43c4d752d1441ed420dd80502e718918.256p.jpg.jpeg_crop_0.jpg,ts sishs ts soar fe qv ryzen tanory aron amdal
43cf50ab21a6abfc6b7535674a8a35a9.256p.jpg.jpeg,43cf50ab21a6abfc6b7535674a8a35a9.256p.jpg.jpeg_crop_0.jpg,
43e2914b40ccb9ab7ce39eb656db3b44.256p.jpg.jpeg,43e2914b40ccb9ab7ce39eb656db3b44.256p.jpg.jpeg_crop_0.jpg,ryzen lopry aor samdes
440b6d462c8e9b8f8d3f2eba0892424a.256p.jpg.jpeg,440b6d462c8e9b8f8d3f2eba0892424a.256p.jpg.jpeg_crop_0.jpg,i m exos mozaic seagate
44511eed6b609f1979ca94fe5ed2e2ad.256p.jpg.jpeg,44511eed6b609f1979ca94fe5ed2e2ad.256p.jpg.jpeg_crop_0.jpg,venge ence vengenge
44867ec7814048eb5afc863cc9bc1de3.256p.jpg.jpeg,44867ec7814048eb5afc863cc9bc1de3.256p.jpg.jpeg_crop_0.jpg,e
448885cffd9a078d3cd0a6c8aa2305e6.256p.jpg.jpeg,448885cffd9a078d3cd0a6c8aa2305e6.256p.jpg.jpeg_crop_0.jpg,ma ms
463721369e4217261a778db8b67b118c.256p.jpg.jpeg,463721369e4217261a778db8b67b118c.256p.jpg.jpeg_crop_0.jpg,
468c069e4aca2de25f8d17145b61b51e.256p.jpg.jpeg,468c069e4aca2de25f8d17145b61b51e.256p.jpg.jpeg_crop_0.jpg,soro sor0 oc f coce oc cuhest so fgaming t bus reus
46ed2866892f9106dd92eb39059f970a.256p.jpg.jpeg,46ed2866892f9106dd92eb39059f970a.256p.jpg.jpeg_crop_0.jpg,i ces enax ce dooor stb ironwolf stagate
46f3b3672c252def1f9cc56db0a11b61.256p.jpg.jpeg,46f3b3672c252def1f9cc56db0a11b61.256p.jpg.jpeg_crop_0.jpg,
476e6143a031380658f2fdb9d5a2126d.256p.jpg.jpeg,476e6143a031380658f2fdb9d5a2126d.256p.jpg.jpeg_crop_0.jpg,s snt t a e do lme
47f0dc00854d366a83eb4a669b988969.256p.jpg.jpeg,47f0dc00854d366a83eb4a669b988969.256p.jpg.jpeg_crop_0.jpg,
47f6e66e2ffc069e7958649020d76c4c.256p.jpg.jpeg,47f6e66e2ffc069e7958649020d76c4c.256p.jpg.jpeg_crop_0.jpg,
48cf06b9156aa9e1b662b35af8eb2a3b.256p.jpg.jpeg,48cf06b9156aa9e1b662b35af8eb2a3b.256p.jpg.jpeg_crop_0.jpg,s n an c 5 za tos 10
48eea8a717330fc5dd5856b1fae65042.256p.jpg.jpeg,48eea8a717330fc5dd5856b1fae65042.256p.jpg.jpeg_crop_0.jpg,
496a72c7b0963d48aff4970b5407c89f.256p.jpg.jpeg,496a72c7b0963d48aff4970b5407c89f.256p.jpg.jpeg_crop_0.jpg,tc m f porkel t t lexar nhtgo n t 79
49b15c4f90ae64a72cea7148d88b545e.256p.jpg.jpeg,49b15c4f90ae64a72cea7148d88b545e.256p.jpg.jpeg_crop_0.jpg,s t r iarmic mooox
49ed312d967c71e5bf866285deee9f9c.256p.jpg.jpeg,49ed312d967c71e5bf866285deee9f9c.256p.jpg.jpeg_crop_0.jpg,32
49fca908d8863ded4df790bd3af6bc12.256p.jpg.jpeg,49fca908d8863ded4df790bd3af6bc12.256p.jpg.jpeg_crop_0.jpg,shise arish t f sens ma f faory ryzen janor amdet
4ac0c32ed331c672ee51af4d468f3d72.256p.jpg.jpeg,4ac0c32ed331c672ee51af4d468f3d72.256p.jpg.jpeg_crop_0.jpg,i ultra core g intel
4ad646899fef008aa00b6b74bf72e646.256p.jpg.jpeg,4ad646899fef008aa00b6b74bf72e646.256p.jpg.jpeg_crop_0.jpg,ca cuk atc cnvm a tn nvs r 216 kingston aamosroee
4afa94216755c30ad4473c556426a19d.256p.jpg.jpeg,4afa94216755c30ad4473c556426a19d.256p.jpg.jpeg_crop_0.jpg,pr vengenne
4b279bc4cdfb4a3e52c9bfa879746ab5.256p.jpg.jpeg,4b279bc4cdfb4a3e52c9bfa879746ab5.256p.jpg.jpeg_crop_0.jpg,
4b3cb378557216401dabfeb2bb0719e1.256p.jpg.jpeg,4b3cb378557216401dabfeb2bb0719e1.256p.jpg.jpeg_crop_0.jpg,
4b6e1666bdde2d084cb87b98ba5d8b30.256p.jpg.jpeg,4b6e1666bdde2d084cb87b98ba5d8b30.256p.jpg.jpeg_crop_0.jpg,
4b735df9dbb1bb13ac3d6ff23a3d5f48.256p.jpg.jpeg,4b735df9dbb1bb13ac3d6ff23a3d5f48.256p.jpg.jpeg_crop_0.jpg,vencande tengeance
4bbfa7511d6ffe257ac933789dfdadf7.256p.jpg.jpeg,4bbfa7511d6ffe257ac933789dfdadf7.256p.jpg.jpeg_crop_0.jpg,kko fucus rood ax s
4beb27272519c97f098ceab48df1e12c.256p.jpg.jpeg,4beb27272519c97f098ceab48df1e12c.256p.jpg.jpeg_crop_0.jpg,
4d30fd5e4f14ca88cfab0487711bec6e.256p.jpg.jpeg,4d30fd5e4f14ca88cfab0487711bec6e.256p.jpg.jpeg_crop_0.jpg,
4d6582f8f760f3da54b0dc4f85a816d4.256p.jpg.jpeg,4d6582f8f760f3da54b0dc4f85a816d4.256p.jpg.jpeg_crop_0.jpg,
4dc751a89c74d335cae25cbc50b4c67e.256p.jpg.jpeg,4dc751a89c74d335cae25cbc50b4c67e.256p.jpg.jpeg_crop_0.jpg,recot
4e02c24a00f7b79a56489db2acbe3a9b.256p.jpg.jpeg,4e02c24a00f7b79a56489db2acbe3a9b.256p.jpg.jpeg_crop_0.jpg,itb gomorwopd pro 980 vnand samsung s
4e5ec27085e7971c37ce5794396f9639.256p.jpg.jpeg,4e5ec27085e7971c37ce5794396f9639.256p.jpg.jpeg_crop_0.jpg,tr rod
4e84967ef18c9b42e543b58c836d73ef.256p.jpg.jpeg,4e84967ef18c9b42e543b58c836d73ef.256p.jpg.jpeg_crop_0.jpg,ryzen cn fo amdat
4f19c6453ce4ebe67091e6d9735f3a19.256p.jpg.jpeg,4f19c6453ce4ebe67091e6d9735f3a19.256p.jpg.jpeg_crop_0.jpg,a dns a coranrs snhns san mn telneon e
4f699d87a43e3c59ea964a1bf230301c.256p.jpg.jpeg,4f699d87a43e3c59ea964a1bf230301c.256p.jpg.jpeg_crop_0.jpg,absow fong
4f8b13807b9b9e2ab921ddb6e6e81afb.256p.jpg.jpeg,4f8b13807b9b9e2ab921ddb6e6e81afb.256p.jpg.jpeg_crop_0.jpg,m aamda ryzen amdil s azes hot  eroo and
4fbe161d8b3204734dc5c964dc5443e4.256p.jpg.jpeg,4fbe161d8b3204734dc5c964dc5443e4.256p.jpg.jpeg_crop_0.jpg,
4ff42fa090d41392739d099e28baf56f.256p.jpg.jpeg,4ff42fa090d41392739d099e28baf56f.256p.jpg.jpeg_crop_0.jpg,
51-fMrMoQDL.jpg.jpeg,51-fMrMoQDL.jpg.jpeg_crop_0.jpg,a s e  r e
510YJmVTdrL.jpg.jpeg,510YJmVTdrL.jpg.jpeg_crop_0.jpg,panted deforcertc
5130uHBNUnL.jpg.jpeg,5130uHBNUnL.jpg.jpeg_crop_0.jpg,s a
513aAkRAd0L.jpg.jpeg,513aAkRAd0L.jpg.jpeg_crop_0.jpg,mmusetcx s cu 26
514OgOS3T-L.jpg.jpeg,514OgOS3T-L.jpg.jpeg_crop_0.jpg,
515foeFWRnL.jpg.jpeg,515foeFWRnL.jpg.jpeg_crop_0.jpg,do f ca goe i sstras s son sy
519RlzaoKDL.jpg.jpeg,519RlzaoKDL.jpg.jpeg_crop_0.jpg,
519WrOWiOhL.jpg.jpeg,519WrOWiOhL.jpg.jpeg_crop_0.jpg,s mmegl s s 2 s
51BdjazabVL.jpg.jpeg,51BdjazabVL.jpg.jpeg_crop_0.jpg,cecal sa m k criadyte m s a
51bTXt-wzEL.jpg.jpeg,51bTXt-wzEL.jpg.jpeg_crop_0.jpg,
51BVjb7JUsL.jpg.jpeg,51BVjb7JUsL.jpg.jpeg_crop_0.jpg,sk aeen smartz d h tzommnk ten tzoows ulta t quiet s power continuous reocl haswell mns lyear thermallake foner s en smarl tseries
51CyutYviQL.jpg.jpeg,51CyutYviQL.jpg.jpeg_crop_0.jpg,daming phantol tng e m a g m unde u bromh cau ams srlin hst cra vmnan con t mm tn f i z b b ahoa col a muns ua t m
51FhIr30MjL.jpg.jpeg,51FhIr30MjL.jpg.jpeg_crop_0.jpg,med stough egamet turg gett vl laming tuf tudee m s f s s e
51FV8n5IuGL.jpg.jpeg,51FV8n5IuGL.jpg.jpeg_crop_0.jpg,com gigabyte e e s dlad e
51HK6wbkmnL.jpg.jpeg,51HK6wbkmnL.jpg.jpeg_crop_0.jpg,
51Ih1TB6nFL.jpg.jpeg,51Ih1TB6nFL.jpg.jpeg_crop_0.jpg,f s
51jpGWUTAKL.jpg.jpeg,51jpGWUTAKL.jpg.jpeg_crop_0.jpg,ceohoncedy avrsp deprotecions suns sperioml mrurper es snerovl mefen ccomputing desktop dualc lcores duakcorel einsider pentiuml intel storis s sael cosde greate scomputing  beks kop cp
51kgqhkUNuL.jpg.jpeg,51kgqhkUNuL.jpg.jpeg_crop_0.jpg,e f
51KizlEeQZL.jpg.jpeg,51KizlEeQZL.jpg.jpeg_crop_0.jpg,t l e
51kJe8EOqjL.jpg.jpeg,51kJe8EOqjL.jpg.jpeg_crop_0.jpg,s
51m7931xzhL.jpg.jpeg,51m7931xzhL.jpg.jpeg_crop_0.jpg,d t s t t s s s a e l s s t s n n desktops pprocessors intel six cosncs k adlantons aorn
51NcpqwxV1L.jpg.jpeg,51NcpqwxV1L.jpg.jpeg_crop_0.jpg,a a
51Nm-+9BkbL.jpg.jpeg,51Nm-+9BkbL.jpg.jpeg_crop_0.jpg,gum f gcaryte g a i a f t s
51nzmaDQ5-L.jpg.jpeg,51nzmaDQ5-L.jpg.jpeg_crop_0.jpg,
51oLYtdRMsL.jpg.jpeg,51oLYtdRMsL.jpg.jpeg_crop_0.jpg,trenal rhved
51P4WIOlrnL.jpg.jpeg,51P4WIOlrnL.jpg.jpeg_crop_0.jpg,s amoa soe e l
51qc0yafF+L.jpg.jpeg,51qc0yafF+L.jpg.jpeg_crop_0.jpg,naan s rog s h pi
51VZJ8DVX-L.jpg.jpeg,51VZJ8DVX-L.jpg.jpeg_crop_0.jpg,msi
51w2AbYQhcS.jpg.jpeg,51w2AbYQhcS.jpg.jpeg_crop_0.jpg,f sp s
51WR8k8DMJL.jpg.jpeg,51WR8k8DMJL.jpg.jpeg_crop_0.jpg,ta s
51wsVDm2ONL.jpg.jpeg,51wsVDm2ONL.jpg.jpeg_crop_0.jpg,aa e
51YHWAAsu5L.jpg.jpeg,51YHWAAsu5L.jpg.jpeg_crop_0.jpg,oseriess pros apros dst hosi msi mo m t s g e
521c4c2de515ace1e8bb11575e797393.256p.jpg.jpeg,521c4c2de515ace1e8bb11575e797393.256p.jpg.jpeg_crop_0.jpg,j s t h ryzi amd
5299771c95c4e8b3d5f41cd252b1cd0b.256p.jpg.jpeg,5299771c95c4e8b3d5f41cd252b1cd0b.256p.jpg.jpeg_crop_0.jpg,ti gon
535b5631a223b77657804c8144c1277e.256p.jpg.jpeg,535b5631a223b77657804c8144c1277e.256p.jpg.jpeg_crop_0.jpg,locked unl l core intel s t e s s s 55
53669af807496f1034349a25fc685672.256p.jpg.jpeg,53669af807496f1034349a25fc685672.256p.jpg.jpeg_crop_0.jpg,byzen amda da mos
547d30a3ba49dc763a8c23b28f7ac74b.256p.jpg.jpeg,547d30a3ba49dc763a8c23b28f7ac74b.256p.jpg.jpeg_crop_0.jpg,beast dong sows fury
54ce8af72e7d2a00dfe405da2cbf5313.256p.jpg.jpeg,54ce8af72e7d2a00dfe405da2cbf5313.256p.jpg.jpeg_crop_0.jpg,ln t free aln implale eeo w ce mo acaosi ztb nvme pcie ed ceam teamgroup
54ddbd8a23594ec6f8f120d748c9e559.256p.jpg.jpeg,54ddbd8a23594ec6f8f120d748c9e559.256p.jpg.jpeg_crop_0.jpg,beast dorsy dors s
54e3f2f7c2cbb05cfc37c8f430d547ea.256p.jpg.jpeg,54e3f2f7c2cbb05cfc37c8f430d547ea.256p.jpg.jpeg_crop_0.jpg,p j
54ee0cd09005260c118e6ae0062f7f1c.256p.jpg.jpeg,54ee0cd09005260c118e6ae0062f7f1c.256p.jpg.jpeg_crop_0.jpg,256gb cos s joe m i sib dord rohs cefc peo parict
5595266ca881fcc6e5296037a601f47d.256p.jpg.jpeg,5595266ca881fcc6e5296037a601f47d.256p.jpg.jpeg_crop_0.jpg,e s
55aea2dd64e2e3a3e3b1d678048d8d76.256p.jpg.jpeg,55aea2dd64e2e3a3e3b1d678048d8d76.256p.jpg.jpeg_crop_0.jpg,saoal fyz ryzen amdli
55e781311c4d62e83df9ac297a64c01a.256p.jpg.jpeg,55e781311c4d62e83df9ac297a64c01a.256p.jpg.jpeg_crop_0.jpg,sn
55fb148a837f9e33dfdb095188af8a74.256p.jpg.jpeg,55fb148a837f9e33dfdb095188af8a74.256p.jpg.jpeg_crop_0.jpg,2t0 pro 990 ac so shrisond
567dfd409067c0a10aa67fc3c720c46d.256p.jpg.jpeg,567dfd409067c0a10aa67fc3c720c46d.256p.jpg.jpeg_crop_0.jpg,se s die sone swas isues anes  teamgroup epcie nvme wasrasy jas e
56f77032e78c9af99041786b5196fe91.256p.jpg.jpeg,56f77032e78c9af99041786b5196fe91.256p.jpg.jpeg_crop_0.jpg,houghponers rox soms su so onu sral s t houhe ols
573b392b2d5a728c3a15f84dce93449b.256p.jpg.jpeg,573b392b2d5a728c3a15f84dce93449b.256p.jpg.jpeg_crop_0.jpg,trix e i guca boon
57b4a5399dc626e9c5786f786aeb94ac.256p.jpg.jpeg,57b4a5399dc626e9c5786f786aeb94ac.256p.jpg.jpeg_crop_0.jpg,nsi
57b87f0a167a06e77da78f9812f28367.256p.jpg.jpeg,57b87f0a167a06e77da78f9812f28367.256p.jpg.jpeg_crop_0.jpg,imb staic cons toud sd nyme green sneso wdg f daan mum
57eeaaaeb2ec18379ac141160edb2666.256p.jpg.jpeg,57eeaaaeb2ec18379ac141160edb2666.256p.jpg.jpeg_crop_0.jpg,247 computes barracudal stnontes
586841ed9160739668a55d1321c9494e.256p.jpg.jpeg,586841ed9160739668a55d1321c9494e.256p.jpg.jpeg_crop_0.jpg,aroaiy omood conooor cnoook connon annok ammn av
58f82e34238ad2132a69775300daa503.256p.jpg.jpeg,58f82e34238ad2132a69775300daa503.256p.jpg.jpeg_crop_0.jpg,
5921b1e072b530264f56e87c6a954f93.256p.jpg.jpeg,5921b1e072b530264f56e87c6a954f93.256p.jpg.jpeg_crop_0.jpg,
59667fe806af75adbdce293b8f5fb626.256p.jpg.jpeg,59667fe806af75adbdce293b8f5fb626.256p.jpg.jpeg_crop_0.jpg,foson soso t fo a oc lrty gerc oc dual sn duas veus reus
5976fcee24c589859552a9f087690430.256p.jpg.jpeg,5976fcee24c589859552a9f087690430.256p.jpg.jpeg_crop_0.jpg,
59cc646493af94b3d666a38987ff3d7f.256p.jpg.jpeg,59cc646493af94b3d666a38987ff3d7f.256p.jpg.jpeg_crop_0.jpg,p a ande reaper polercotor
5a642e1d35082f6b11c123d939743045.256p.jpg.jpeg,5a642e1d35082f6b11c123d939743045.256p.jpg.jpeg_crop_0.jpg,crucial crucial
5ab53f4ea70381a66686c52d0b6e05a6.256p.jpg.jpeg,5ab53f4ea70381a66686c52d0b6e05a6.256p.jpg.jpeg_crop_0.jpg,wostor odigtal sn770 black wd sso he buck sre ho cod w swag
5b23443767ef786094bc4b6add8112a8.256p.jpg.jpeg,5b23443767ef786094bc4b6add8112a8.256p.jpg.jpeg_crop_0.jpg,
5b6a5e7f4cf456ccf6415235cf7adc99.256p.jpg.jpeg,5b6a5e7f4cf456ccf6415235cf7adc99.256p.jpg.jpeg_crop_0.jpg,
5bab30acac2072bec11c308f85697dc9.256p.jpg.jpeg,5bab30acac2072bec11c308f85697dc9.256p.jpg.jpeg_crop_0.jpg,
5bfb04d855b1e501d71ef7516d5c39f7.256p.jpg.jpeg,5bfb04d855b1e501d71ef7516d5c39f7.256p.jpg.jpeg_crop_0.jpg,kill flare i d 1l flare
5bff625e69da1c7069c73f477b42ca41.256p.jpg.jpeg,5bff625e69da1c7069c73f477b42ca41.256p.jpg.jpeg_crop_0.jpg,
5c2e33214954959b8fe3759699e29ad2.256p.jpg.jpeg,5c2e33214954959b8fe3759699e29ad2.256p.jpg.jpeg_crop_0.jpg,s m ln ss ryzen dy amda
5c9986f2ca555182c65ca3541ec840ed.256p.jpg.jpeg,5c9986f2ca555182c65ca3541ec840ed.256p.jpg.jpeg_crop_0.jpg,scorsing oneeol
5cdd0dfcd25374317a12808fa7f63c19.256p.jpg.jpeg,5cdd0dfcd25374317a12808fa7f63c19.256p.jpg.jpeg_crop_0.jpg,coas vngs nca
5e077c6b1272ca2c11e4f7df6326370a.256p.jpg.jpeg,5e077c6b1272ca2c11e4f7df6326370a.256p.jpg.jpeg_crop_0.jpg,
5f09867b54e9ad932b4dd1bc767f6238.256p.jpg.jpeg,5f09867b54e9ad932b4dd1bc767f6238.256p.jpg.jpeg_crop_0.jpg,pro t re s
5f89ad4bc841aa602653d1435436b0a7.256p.jpg.jpeg,5f89ad4bc841aa602653d1435436b0a7.256p.jpg.jpeg_crop_0.jpg,
5fcc7cb537de4fb7e30a21a60276f402.256p.jpg.jpeg,5fcc7cb537de4fb7e30a21a60276f402.256p.jpg.jpeg_crop_0.jpg,msi comoy mmser dsphumm z mst
5fe3c9cc8cbaaa4aa52aed7389d2cc10.256p.jpg.jpeg,5fe3c9cc8cbaaa4aa52aed7389d2cc10.256p.jpg.jpeg_crop_0.jpg,m co gron he core intel trge o
607f7ca77131a0bf7dc6b75617795203.256p.jpg.jpeg,607f7ca77131a0bf7dc6b75617795203.256p.jpg.jpeg_crop_0.jpg,s
6082032e0eb29f8eed91a12a4f976321.256p.jpg.jpeg,6082032e0eb29f8eed91a12a4f976321.256p.jpg.jpeg_crop_0.jpg,
610e12d560e4933d797d322e677d0066.256p.jpg.jpeg,610e12d560e4933d797d322e677d0066.256p.jpg.jpeg_crop_0.jpg,
614a9c530cce56d1fafbc5ba97920ab1.256p.jpg.jpeg,614a9c530cce56d1fafbc5ba97920ab1.256p.jpg.jpeg_crop_0.jpg,uunlocked anted
61eb5534e35ce8af07f25ff28197862b.256p.jpg.jpeg,61eb5534e35ce8af07f25ff28197862b.256p.jpg.jpeg_crop_0.jpg,
61rBzM2fjzL.jpg.jpeg,61rBzM2fjzL.jpg.jpeg_crop_0.jpg,hise fish s mi m fo cn r sn c a dn c a s s hi se a c c io
62258989025bb9dd8fb1abaa606d1444.256p.jpg.jpeg,62258989025bb9dd8fb1abaa606d1444.256p.jpg.jpeg_crop_0.jpg,
6254fe41ae3b29682baddb5bc3088cab.256p.jpg.jpeg,6254fe41ae3b29682baddb5bc3088cab.256p.jpg.jpeg_crop_0.jpg,
62a4ba196f5f165e68619a63ef5d0b70.256p.jpg.jpeg,62a4ba196f5f165e68619a63ef5d0b70.256p.jpg.jpeg_crop_0.jpg,sp sp
640e44d6b2b0264413b089545b628d0a.256p.jpg.jpeg,640e44d6b2b0264413b089545b628d0a.256p.jpg.jpeg_crop_0.jpg,
64d63da64b2f8be28775078a8f8d550a.256p.jpg.jpeg,64d63da64b2f8be28775078a8f8d550a.256p.jpg.jpeg_crop_0.jpg,
65b14ae549adb44fc16089d1996f8462.256p.jpg.jpeg,65b14ae549adb44fc16089d1996f8462.256p.jpg.jpeg_crop_0.jpg,crucial
65f2a2e1999cd06b510b8ee145a2c14f.256p.jpg.jpeg,65f2a2e1999cd06b510b8ee145a2c14f.256p.jpg.jpeg_crop_0.jpg,byzen t amps ryzen jamdel amba
664aadb9f84d7293d083671b43c1f898.256p.jpg.jpeg,664aadb9f84d7293d083671b43c1f898.256p.jpg.jpeg_crop_0.jpg,i m m i mon hi l 2t0 s soo zptied mzp elent ca sp s i n iseal reced uk
66aa5dd590cf1bb5fe8de0417f9ed7e6.256p.jpg.jpeg,66aa5dd590cf1bb5fe8de0417f9ed7e6.256p.jpg.jpeg_crop_0.jpg,
66ab940d990308e87d1e2f33130d0831.256p.jpg.jpeg,66ab940d990308e87d1e2f33130d0831.256p.jpg.jpeg_crop_0.jpg,s
675a41e399e723b2251cea95bc468373.256p.jpg.jpeg,675a41e399e723b2251cea95bc468373.256p.jpg.jpeg_crop_0.jpg,anarchy tn t  ta anarchy sdoal i i ta
67c83cfd051636aaa95e8b00b6e95d6e.256p.jpg.jpeg,67c83cfd051636aaa95e8b00b6e95d6e.256p.jpg.jpeg_crop_0.jpg,rod t suing rou tadening ganes
67f500a12c85e2179f6cbad6cc4838cb.256p.jpg.jpeg,67f500a12c85e2179f6cbad6cc4838cb.256p.jpg.jpeg_crop_0.jpg,eoon chrlle lengeal fuso amoa  themeok
68d59d4cd47252cb8074986bac2f0cb8.256p.jpg.jpeg,68d59d4cd47252cb8074986bac2f0cb8.256p.jpg.jpeg_crop_0.jpg,
6a40f9732bef504af112c33a980482b2.256p.jpg.jpeg,6a40f9732bef504af112c33a980482b2.256p.jpg.jpeg_crop_0.jpg,unlocked coreit 1othc hgens cnted
6af31e169a3db76f5ddb2697518639d6.256p.jpg.jpeg,6af31e169a3db76f5ddb2697518639d6.256p.jpg.jpeg_crop_0.jpg,00op
6b0f4a7c280559e287c8a35ed24da423.256p.jpg.jpeg,6b0f4a7c280559e287c8a35ed24da423.256p.jpg.jpeg_crop_0.jpg,
6b136eab8dcdd8f78e02da5a09b96795.256p.jpg.jpeg,6b136eab8dcdd8f78e02da5a09b96795.256p.jpg.jpeg_crop_0.jpg,
6bbae69221cd801a3152c8f12e7c27af.256p.jpg.jpeg,6bbae69221cd801a3152c8f12e7c27af.256p.jpg.jpeg_crop_0.jpg,s e s060 soc0 coki m lk goce r prime prime fug rsus
6bda3e4685a8a28b5cd9d04ef76eb46b.256p.jpg.jpeg,6bda3e4685a8a28b5cd9d04ef76eb46b.256p.jpg.jpeg_crop_0.jpg,
6c34ad3e10021abab186c77e8fde0328.256p.jpg.jpeg,6c34ad3e10021abab186c77e8fde0328.256p.jpg.jpeg_crop_0.jpg,
6cd392c0ddcb76b70bdf0b6ed14e34ca.256p.jpg.jpeg,6cd392c0ddcb76b70bdf0b6ed14e34ca.256p.jpg.jpeg_crop_0.jpg,ln eoose
6d3fb7600f26fb1e94e8b0c1a99e0bfa.256p.jpg.jpeg,6d3fb7600f26fb1e94e8b0c1a99e0bfa.256p.jpg.jpeg_crop_0.jpg,i ryzen andel i han
6d5bb0572a7037396468750e4aa5e25a.256p.jpg.jpeg,6d5bb0572a7037396468750e4aa5e25a.256p.jpg.jpeg_crop_0.jpg,i
6dcbd73f46d20ca37c1e80a00f3ef206.256p.jpg.jpeg,6dcbd73f46d20ca37c1e80a00f3ef206.256p.jpg.jpeg_crop_0.jpg,
6e091a3954e7ac61e63a226aced54d9b.256p.jpg.jpeg,6e091a3954e7ac61e63a226aced54d9b.256p.jpg.jpeg_crop_0.jpg,s
6e645766ef331a1911f2c74016db9efa.256p.jpg.jpeg,6e645766ef331a1911f2c74016db9efa.256p.jpg.jpeg_crop_0.jpg,
6e6bcad6744a6a7302394f2edf5a6e34.256p.jpg.jpeg,6e6bcad6744a6a7302394f2edf5a6e34.256p.jpg.jpeg_crop_0.jpg,handin ryzen lamdet an zen t
6ef5b8f1b94982c71019a0d9ac2795e2.256p.jpg.jpeg,6ef5b8f1b94982c71019a0d9ac2795e2.256p.jpg.jpeg_crop_0.jpg,
6f0fd73f94e49659eace8db76370bc34.256p.jpg.jpeg,6f0fd73f94e49659eace8db76370bc34.256p.jpg.jpeg_crop_0.jpg,res sn7100 black wo s leak no leon srie w hooder
6f29e592f8d32dc9571c6b5f8965a5cb.256p.jpg.jpeg,6f29e592f8d32dc9571c6b5f8965a5cb.256p.jpg.jpeg_crop_0.jpg,t s s 42
6fcbee8fe66fd26e7f295b32b7fcdcba.256p.jpg.jpeg,6fcbee8fe66fd26e7f295b32b7fcdcba.256p.jpg.jpeg_crop_0.jpg,beast fliry dors dors
716d4c601ae190184020710e098e7b36.256p.jpg.jpeg,716d4c601ae190184020710e098e7b36.256p.jpg.jpeg_crop_0.jpg,i t s
71a5af072d1ec085a7f8efc90cc895ba.256p.jpg.jpeg,71a5af072d1ec085a7f8efc90cc895ba.256p.jpg.jpeg_crop_0.jpg,
71da8ca66086fde771b7f355b11ccf10.256p.jpg.jpeg,71da8ca66086fde771b7f355b11ccf10.256p.jpg.jpeg_crop_0.jpg,
7221b486502c1d25055ea2c4178c77c9.256p.jpg.jpeg,7221b486502c1d25055ea2c4178c77c9.256p.jpg.jpeg_crop_0.jpg,ms ms ma
7286e3994f72346993fa78135c86ddbe.256p.jpg.jpeg,7286e3994f72346993fa78135c86ddbe.256p.jpg.jpeg_crop_0.jpg,p
72bbad5e69fa95e74103a3613c6dc1e9.256p.jpg.jpeg,72bbad5e69fa95e74103a3613c6dc1e9.256p.jpg.jpeg_crop_0.jpg,i e100 crucial
73900c14eb1973ec24f0744d3d439253.256p.jpg.jpeg,73900c14eb1973ec24f0744d3d439253.256p.jpg.jpeg_crop_0.jpg,spatium thmp opo lb msi
749157446fcdcc5fe5abbb0e8d37ed08.256p.jpg.jpeg,749157446fcdcc5fe5abbb0e8d37ed08.256p.jpg.jpeg_crop_0.jpg,crucial crucial
74ca8bc876958ab560190cae0f349c69.256p.jpg.jpeg,74ca8bc876958ab560190cae0f349c69.256p.jpg.jpeg_crop_0.jpg,maen
74e6caafd69bcc53d6e5060a3249248d.256p.jpg.jpeg,74e6caafd69bcc53d6e5060a3249248d.256p.jpg.jpeg_crop_0.jpg,sail austel
766c18ad6210bf330ebd5708e6d6081b.256p.jpg.jpeg,766c18ad6210bf330ebd5708e6d6081b.256p.jpg.jpeg_crop_0.jpg,ter
76cf9932ea9ceb95c93d25febfbb2036.256p.jpg.jpeg,76cf9932ea9ceb95c93d25febfbb2036.256p.jpg.jpeg_crop_0.jpg,
76f85d74fb4d0e2cc31f940bee5905c4.256p.jpg.jpeg,76f85d74fb4d0e2cc31f940bee5905c4.256p.jpg.jpeg_crop_0.jpg,howlocked g f m o
7945bbda871bfbf95a9138fd184f4a6e.256p.jpg.jpeg,7945bbda871bfbf95a9138fd184f4a6e.256p.jpg.jpeg_crop_0.jpg,sose dshess shnese smuel sne k m feet fnes hr ta s ryzen ryzen amda dte aeoe poe lamda
794ec9c0aa5dda6f170f3e442d992606.256p.jpg.jpeg,794ec9c0aa5dda6f170f3e442d992606.256p.jpg.jpeg_crop_0.jpg,
79be60ce3783b8918a1c0940d3e4ff19.256p.jpg.jpeg,79be60ce3783b8918a1c0940d3e4ff19.256p.jpg.jpeg_crop_0.jpg,poes reoel ms
7a6babfed0885332f51c70772687fcd1.256p.jpg.jpeg,7a6babfed0885332f51c70772687fcd1.256p.jpg.jpeg_crop_0.jpg,sns l muthens dot m a lut m fuse camory ryzen son eon de amdal
7a8d66854d65f497aca573e84772d861.256p.jpg.jpeg,7a8d66854d65f497aca573e84772d861.256p.jpg.jpeg_crop_0.jpg,
7aa3028d0fc04e0ee3323f474bd349bd.256p.jpg.jpeg,7aa3028d0fc04e0ee3323f474bd349bd.256p.jpg.jpeg_crop_0.jpg,sa ceues envi efcc c adr nvz its knlnt s d mad
7b7e8cf40e763260dde7362ecc53ce5c.256p.jpg.jpeg,7b7e8cf40e763260dde7362ecc53ce5c.256p.jpg.jpeg_crop_0.jpg,
7bad86de7eccb0cac44ae3728e0e3d4e.256p.jpg.jpeg,7bad86de7eccb0cac44ae3728e0e3d4e.256p.jpg.jpeg_crop_0.jpg,
7cf2496c391fed651c191c4c19dcd8df.256p.jpg.jpeg,7cf2496c391fed651c191c4c19dcd8df.256p.jpg.jpeg_crop_0.jpg,
7d2bcbd37be362c0cc30ab8f8cffe824.256p.jpg.jpeg,7d2bcbd37be362c0cc30ab8f8cffe824.256p.jpg.jpeg_crop_0.jpg,oos sho too samsung
7d68ac724aae3cabe95f98de8df643ae.256p.jpg.jpeg,7d68ac724aae3cabe95f98de8df643ae.256p.jpg.jpeg_crop_0.jpg,russie
7da2ce71b33904d0f379f9398d4515d7.256p.jpg.jpeg,7da2ce71b33904d0f379f9398d4515d7.256p.jpg.jpeg_crop_0.jpg,e u
7e2d17b7b777f8b56e1b5119aa97be20.256p.jpg.jpeg,7e2d17b7b777f8b56e1b5119aa97be20.256p.jpg.jpeg_crop_0.jpg,jol fun ryzen amdai d aos ces eo ap
7e2e7fecadc261c89c70cf3965a97a28.256p.jpg.jpeg,7e2e7fecadc261c89c70cf3965a97a28.256p.jpg.jpeg_crop_0.jpg,thrcadreper ryzen amdet
7ed7216607a1241d218bb8e18efa0264.256p.jpg.jpeg,7ed7216607a1241d218bb8e18efa0264.256p.jpg.jpeg_crop_0.jpg,
7ef0d8acd3ee08b70fe3eb60ef8a89f0.256p.jpg.jpeg,7ef0d8acd3ee08b70fe3eb60ef8a89f0.256p.jpg.jpeg_crop_0.jpg,vengence
7f03744e2c593edbbf711b21d85c59b3.256p.jpg.jpeg,7f03744e2c593edbbf711b21d85c59b3.256p.jpg.jpeg_crop_0.jpg,unlocked cores intel
7fa3368565fa6e4e0196112cf171e1b5.256p.jpg.jpeg,7fa3368565fa6e4e0196112cf171e1b5.256p.jpg.jpeg_crop_0.jpg,equeti be
7fb0b865a88be851eb7fdac685bf373c.256p.jpg.jpeg,7fb0b865a88be851eb7fdac685bf373c.256p.jpg.jpeg_crop_0.jpg,
7fc9bd473f09de3bff4a5a44e832f399.256p.jpg.jpeg,7fc9bd473f09de3bff4a5a44e832f399.256p.jpg.jpeg_crop_0.jpg,he core intel vigen fa
8030cec7e0232aaeb5be9ef5bf998ed5.256p.jpg.jpeg,8030cec7e0232aaeb5be9ef5bf998ed5.256p.jpg.jpeg_crop_0.jpg,s e oxt sosox rx fa ron an amdet  h oc a prime frime f risus
8148c56c91723188e32a508682fa9854.256p.jpg.jpeg,8148c56c91723188e32a508682fa9854.256p.jpg.jpeg_crop_0.jpg,byzen amda da mos
818755e4ae3a17cd1e3dc208ed4017fe.256p.jpg.jpeg,818755e4ae3a17cd1e3dc208ed4017fe.256p.jpg.jpeg_crop_0.jpg,verol srin pro i
82182136c557a8b9975e956b58a558fa.256p.jpg.jpeg,82182136c557a8b9975e956b58a558fa.256p.jpg.jpeg_crop_0.jpg,nper npfr
827dd8b562ba551d7e5e6376c153e4e0.256p.jpg.jpeg,827dd8b562ba551d7e5e6376c153e4e0.256p.jpg.jpeg_crop_0.jpg,
829f788b96eda500a157df203ac861c8.256p.jpg.jpeg,829f788b96eda500a157df203ac861c8.256p.jpg.jpeg_crop_0.jpg,
8307e191cd38a81dc5dcf709432e21e0.256p.jpg.jpeg,8307e191cd38a81dc5dcf709432e21e0.256p.jpg.jpeg_crop_0.jpg,slcossur rse
8336089b3001d3eb49e18c1cf3bb6bc4.256p.jpg.jpeg,8336089b3001d3eb49e18c1cf3bb6bc4.256p.jpg.jpeg_crop_0.jpg,nper vper
835ab3efad1be13bbe53beef3e3c6f96.256p.jpg.jpeg,835ab3efad1be13bbe53beef3e3c6f96.256p.jpg.jpeg_crop_0.jpg,a
838e53fd8b582b17bbac83fab611f118.256p.jpg.jpeg,838e53fd8b582b17bbac83fab611f118.256p.jpg.jpeg_crop_0.jpg,s tooow s azoney power equietr be
842c59679e64a6502bd922204c4d8a24.256p.jpg.jpeg,842c59679e64a6502bd922204c4d8a24.256p.jpg.jpeg_crop_0.jpg,s
849f751a4ea67f2ed2cfd4ab47fb23eb.256p.jpg.jpeg,849f751a4ea67f2ed2cfd4ab47fb23eb.256p.jpg.jpeg_crop_0.jpg,eooon
84b3d160dc1ca70eed788fc5a3257ab0.256p.jpg.jpeg,84b3d160dc1ca70eed788fc5a3257ab0.256p.jpg.jpeg_crop_0.jpg,ain s  i i s s s i i t i i c t t t s i s s s t i s s s s i s s s i s s hy soron soror wo oc r cn ae cas s feaning plufg ils rsls
867a636cde1c3c9762b06bde17acd022.256p.jpg.jpeg,867a636cde1c3c9762b06bde17acd022.256p.jpg.jpeg_crop_0.jpg,pt a t den ande king gionnvit
86f90b80222ce0831fa4c548b8af3df2.256p.jpg.jpeg,86f90b80222ce0831fa4c548b8af3df2.256p.jpg.jpeg_crop_0.jpg,doows monlan an i ia i sunlocked ultra s s g core intel
874cc0e600bde06d75755309677a87e2.256p.jpg.jpeg,874cc0e600bde06d75755309677a87e2.256p.jpg.jpeg_crop_0.jpg,core g intel hnets s f
8759f89d039f01404d65dcb994629292.256p.jpg.jpeg,8759f89d039f01404d65dcb994629292.256p.jpg.jpeg_crop_0.jpg,len me k
87647223e3478a0264b523d38ec982e1.256p.jpg.jpeg,87647223e3478a0264b523d38ec982e1.256p.jpg.jpeg_crop_0.jpg,
87996fa1877095ab8f6db8fb7b6adf34.256p.jpg.jpeg,87996fa1877095ab8f6db8fb7b6adf34.256p.jpg.jpeg_crop_0.jpg,so 5or0 coondl s s s s az i gigabvie m
87cd8e9d02ffb0997769f4a4d5969669.256p.jpg.jpeg,87cd8e9d02ffb0997769f4a4d5969669.256p.jpg.jpeg_crop_0.jpg,pro plooscan a
881b5d3048a3e6c614c565698022feb6.256p.jpg.jpeg,881b5d3048a3e6c614c565698022feb6.256p.jpg.jpeg_crop_0.jpg,
881bf7624b22b2724a28c53ef21bfaa0.256p.jpg.jpeg,881bf7624b22b2724a28c53ef21bfaa0.256p.jpg.jpeg_crop_0.jpg,unted hor t floms seouosiatee wu
881bf7624b22b2724a28c53ef21bfaa0.256p.jpg.jpeg,881bf7624b22b2724a28c53ef21bfaa0.256p.jpg.jpeg_crop_1.jpg,unted h f flomes ssoudsiateo wu
882cbc6a90eb5a67014417560e8a44b8.256p.jpg.jpeg,882cbc6a90eb5a67014417560e8a44b8.256p.jpg.jpeg_crop_0.jpg,
8912b48548fca5ee3606a5d93772928a.256p.jpg.jpeg,8912b48548fca5ee3606a5d93772928a.256p.jpg.jpeg_crop_0.jpg,a f rones t
8925e4a3aa61f5cea6249c6e18c54e9e.256p.jpg.jpeg,8925e4a3aa61f5cea6249c6e18c54e9e.256p.jpg.jpeg_crop_0.jpg,
894ce2f4aaaf96e8a0cc61288f9ff27d.256p.jpg.jpeg,894ce2f4aaaf96e8a0cc61288f9ff27d.256p.jpg.jpeg_crop_0.jpg,vengenes
8a0df381931efb7323f458cfc42260f8.256p.jpg.jpeg,8a0df381931efb7323f458cfc42260f8.256p.jpg.jpeg_crop_0.jpg,fanaines c ryzen amdi aze lamde mon
8a277ab7166d97b45d51dcd463ebdf05.256p.jpg.jpeg,8a277ab7166d97b45d51dcd463ebdf05.256p.jpg.jpeg_crop_0.jpg,
8a6d9e0f04302ca47ff65d23bda24e49.256p.jpg.jpeg,8a6d9e0f04302ca47ff65d23bda24e49.256p.jpg.jpeg_crop_0.jpg,
8b28f665714d824f67a7201bc8a22500.256p.jpg.jpeg,8b28f665714d824f67a7201bc8a22500.256p.jpg.jpeg_crop_0.jpg,
8b610f0ec032392a7b1007b5dbe0925d.256p.jpg.jpeg,8b610f0ec032392a7b1007b5dbe0925d.256p.jpg.jpeg_crop_0.jpg,fc hb pt n snecoo sso cvies blue wd
8bc2cb01b2a5875aa983b4cc5be68221.256p.jpg.jpeg,8bc2cb01b2a5875aa983b4cc5be68221.256p.jpg.jpeg_crop_0.jpg,sl
8c1a0efcef96c3455d3ecd2bdc4a4fa7.256p.jpg.jpeg,8c1a0efcef96c3455d3ecd2bdc4a4fa7.256p.jpg.jpeg_crop_0.jpg,
8c4f403aea1d6a32045a6368e23486c1.256p.jpg.jpeg,8c4f403aea1d6a32045a6368e23486c1.256p.jpg.jpeg_crop_0.jpg,msil msi
8d2064fe21e3a8318837caf30fad70f1.256p.jpg.jpeg,8d2064fe21e3a8318837caf30fad70f1.256p.jpg.jpeg_crop_0.jpg,
8de723005cfc1b85071c4abf4d76bd4e.256p.jpg.jpeg,8de723005cfc1b85071c4abf4d76bd4e.256p.jpg.jpeg_crop_0.jpg,aol ryzen ahde f fzer s i
8e6dbae8a0f3c6572216c8758ce5a0b5.256p.jpg.jpeg,8e6dbae8a0f3c6572216c8758ce5a0b5.256p.jpg.jpeg_crop_0.jpg,woseen digu snesox black wo wolblack snve ch ho slosed lece he
8ef4d01c7c9c0c94f1b6a841f37d905e.256p.jpg.jpeg,8ef4d01c7c9c0c94f1b6a841f37d905e.256p.jpg.jpeg_crop_0.jpg,mn s
8fcb88c883df1ee3563538df639a08c8.256p.jpg.jpeg,8fcb88c883df1ee3563538df639a08c8.256p.jpg.jpeg_crop_0.jpg,doitl wose sn77o black wo du s m ho cos ce
8fdb4c1dc378c0c163d5f29037da4dbe.256p.jpg.jpeg,8fdb4c1dc378c0c163d5f29037da4dbe.256p.jpg.jpeg_crop_0.jpg,
905c5188bfef0485bb8f9c8928f1a765.256p.jpg.jpeg,905c5188bfef0485bb8f9c8928f1a765.256p.jpg.jpeg_crop_0.jpg,p
91cbef8ecb9206268c9c7e78461e4262.256p.jpg.jpeg,91cbef8ecb9206268c9c7e78461e4262.256p.jpg.jpeg_crop_0.jpg,
92061d6108d4c4bf0deb77943506df11.256p.jpg.jpeg,92061d6108d4c4bf0deb77943506df11.256p.jpg.jpeg_crop_0.jpg,oun eaon unlocked core g intel oon pin
9215de4401fbfce1a54ecc659fc6f3b5.256p.jpg.jpeg,9215de4401fbfce1a54ecc659fc6f3b5.256p.jpg.jpeg_crop_0.jpg,boro a dsegee
923cae0c8159c98aaf91541a20f95dc9.256p.jpg.jpeg,923cae0c8159c98aaf91541a20f95dc9.256p.jpg.jpeg_crop_0.jpg,
93603f04dde2fe42335d278e66b80c4d.256p.jpg.jpeg,93603f04dde2fe42335d278e66b80c4d.256p.jpg.jpeg_crop_0.jpg,
9423467940fb7db90ff47c5fa315a309.256p.jpg.jpeg,9423467940fb7db90ff47c5fa315a309.256p.jpg.jpeg_crop_0.jpg,
9435af2197a80fcb37bc356ec9b83413.256p.jpg.jpeg,9435af2197a80fcb37bc356ec9b83413.256p.jpg.jpeg_crop_0.jpg,dssa bsso deasled emnes s gigabyte
944be04796799b52e6d0e14a4f5bd9b0.256p.jpg.jpeg,944be04796799b52e6d0e14a4f5bd9b0.256p.jpg.jpeg_crop_0.jpg,
94534ff5409f98708d38cc1b06d0adf7.256p.jpg.jpeg,94534ff5409f98708d38cc1b06d0adf7.256p.jpg.jpeg_crop_0.jpg,
94f5fe9dfa12cf9590ae428b8ba3da53.256p.jpg.jpeg,94f5fe9dfa12cf9590ae428b8ba3da53.256p.jpg.jpeg_crop_0.jpg,
9587565162ba3dd767fd21a6b640c824.256p.jpg.jpeg,9587565162ba3dd767fd21a6b640c824.256p.jpg.jpeg_crop_0.jpg,
95b91096ca28bcf182804214fdad4e53.256p.jpg.jpeg,95b91096ca28bcf182804214fdad4e53.256p.jpg.jpeg_crop_0.jpg,
95f27af65a763da39cf414b23ee93a8f.256p.jpg.jpeg,95f27af65a763da39cf414b23ee93a8f.256p.jpg.jpeg_crop_0.jpg,
96753a64597c28e46bf80ef7064b214b.256p.jpg.jpeg,96753a64597c28e46bf80ef7064b214b.256p.jpg.jpeg_crop_0.jpg,vulcnz troaca maz trarco
96ecd11ddbe5a193c95422e8e620fca6.256p.jpg.jpeg,96ecd11ddbe5a193c95422e8e620fca6.256p.jpg.jpeg_crop_0.jpg,
97232484080d76f60c340829feff8fb4.256p.jpg.jpeg,97232484080d76f60c340829feff8fb4.256p.jpg.jpeg_crop_0.jpg,beast o forh
97e2bd828644767c8a80b71f8cb14743.256p.jpg.jpeg,97e2bd828644767c8a80b71f8cb14743.256p.jpg.jpeg_crop_0.jpg,dmus
97f123a53cbb3ce24652396462da17d1.256p.jpg.jpeg,97f123a53cbb3ce24652396462da17d1.256p.jpg.jpeg_crop_0.jpg,
982b9428595cdc64d19a034fcf0b7d3b.256p.jpg.jpeg,982b9428595cdc64d19a034fcf0b7d3b.256p.jpg.jpeg_crop_0.jpg,supers
986e66c86f4581f1ee886ab54482f015.256p.jpg.jpeg,986e66c86f4581f1ee886ab54482f015.256p.jpg.jpeg_crop_0.jpg,mst msi
987495c240f254ae7314bdd8ae3c426c.256p.jpg.jpeg,987495c240f254ae7314bdd8ae3c426c.256p.jpg.jpeg_crop_0.jpg,
98bb44b33e99e3c03b12d76609433d62.256p.jpg.jpeg,98bb44b33e99e3c03b12d76609433d62.256p.jpg.jpeg_crop_0.jpg,daqiars
98c4874ed550e2bbcc2d29d67177ddc8.256p.jpg.jpeg,98c4874ed550e2bbcc2d29d67177ddc8.256p.jpg.jpeg_crop_0.jpg,famer andan ryzen sambe s azen c ser a
990c9be284c611b84c6a33e9706b1efa.256p.jpg.jpeg,990c9be284c611b84c6a33e9706b1efa.256p.jpg.jpeg_crop_0.jpg,ryzen amda h sod fn e
99c2387300d7c25362407dbfeef14536.256p.jpg.jpeg,99c2387300d7c25362407dbfeef14536.256p.jpg.jpeg_crop_0.jpg,
99d2124a37493f5a3bfe1b442e32e4de.256p.jpg.jpeg,99d2124a37493f5a3bfe1b442e32e4de.256p.jpg.jpeg_crop_0.jpg,
9a5971cefd086b73cf477e550aed363a.256p.jpg.jpeg,9a5971cefd086b73cf477e550aed363a.256p.jpg.jpeg_crop_0.jpg,desoesor
9a5bcf4f476d82ad6aff9287d2cb0b3a.256p.jpg.jpeg,9a5bcf4f476d82ad6aff9287d2cb0b3a.256p.jpg.jpeg_crop_0.jpg,
9b4cefb2e43f2c358f3a97a31e1be90b.256p.jpg.jpeg,9b4cefb2e43f2c358f3a97a31e1be90b.256p.jpg.jpeg_crop_0.jpg,sanes sas i ossnism c spness t i texa ta c s i  ryzen s s s s ryzen amdey amdat
9c7907d33c5225ac4fa747fcc1157ec4.256p.jpg.jpeg,9c7907d33c5225ac4fa747fcc1157ec4.256p.jpg.jpeg_crop_0.jpg,
9c9639e52f92dce6daf30dc4423b1cda.256p.jpg.jpeg,9c9639e52f92dce6daf30dc4423b1cda.256p.jpg.jpeg_crop_0.jpg,plus i s i i t i i t t 80 pn azosos thelaz teastonal i thod an drs s
9d6954ba0d9b53b06d996c25e576d470.256p.jpg.jpeg,9d6954ba0d9b53b06d996c25e576d470.256p.jpg.jpeg_crop_0.jpg,
9e003e10740c0e04136649de59fa2ab5.256p.jpg.jpeg,9e003e10740c0e04136649de59fa2ab5.256p.jpg.jpeg_crop_0.jpg,dows secis a ior bodd s leshe
9e3f74e84fe87188601bcd51e943b19a.256p.jpg.jpeg,9e3f74e84fe87188601bcd51e943b19a.256p.jpg.jpeg_crop_0.jpg,so6o peoeo gerosle lx t zx ventus p
9e7790ee9397346b4c023cc04296fb5e.256p.jpg.jpeg,9e7790ee9397346b4c023cc04296fb5e.256p.jpg.jpeg_crop_0.jpg,
9ec7bf0f10e60c175e9b64c51bab7240.256p.jpg.jpeg,9ec7bf0f10e60c175e9b64c51bab7240.256p.jpg.jpeg_crop_0.jpg,umlockee core intel
9fc6cb597b8f13a08550ae7d3eba25bf.256p.jpg.jpeg,9fc6cb597b8f13a08550ae7d3eba25bf.256p.jpg.jpeg_crop_0.jpg,trmooes
9fd701005a49816e85072d6ed79c2951.256p.jpg.jpeg,9fd701005a49816e85072d6ed79c2951.256p.jpg.jpeg_crop_0.jpg,dy ms
9fdbfba897aab27f8669458508239fe1.256p.jpg.jpeg,9fdbfba897aab27f8669458508239fe1.256p.jpg.jpeg_crop_0.jpg,crucial
a00199d12cb22ee1dc33639a754cca79.256p.jpg.jpeg,a00199d12cb22ee1dc33639a754cca79.256p.jpg.jpeg_crop_0.jpg,ripsaws ripsawst
a00629e6f5d93a9d8daf0981a338e993.256p.jpg.jpeg,a00629e6f5d93a9d8daf0981a338e993.256p.jpg.jpeg_crop_0.jpg,
a010fc03fea2809af2c8fd966fbd483c.256p.jpg.jpeg,a010fc03fea2809af2c8fd966fbd483c.256p.jpg.jpeg_crop_0.jpg,lavon ryzen aion amdar
a0191a4cb06d0077eab9a260cc759c8b.256p.jpg.jpeg,a0191a4cb06d0077eab9a260cc759c8b.256p.jpg.jpeg_crop_0.jpg,
a05245760a1b9fd2988847a60767d99e.256p.jpg.jpeg,a05245760a1b9fd2988847a60767d99e.256p.jpg.jpeg_crop_0.jpg,
a06aef05389e93f5e4de5dc26d807abe.256p.jpg.jpeg,a06aef05389e93f5e4de5dc26d807abe.256p.jpg.jpeg_crop_0.jpg,g
a0931f2db7bb9c37a199429c85a0d2e1.256p.jpg.jpeg,a0931f2db7bb9c37a199429c85a0d2e1.256p.jpg.jpeg_crop_0.jpg,c gatnng l de t ryzen ryzen amde amdat
a0b2a92bb4ec2c95b5e492c9513b2c0b.256p.jpg.jpeg,a0b2a92bb4ec2c95b5e492c9513b2c0b.256p.jpg.jpeg_crop_0.jpg,
a0f5a161d8c7ff3c6b0827423537a029.256p.jpg.jpeg,a0f5a161d8c7ff3c6b0827423537a029.256p.jpg.jpeg_crop_0.jpg,ryzen amden ao mon t
a11eb27dffbe9026f93a731822e5356b.256p.jpg.jpeg,a11eb27dffbe9026f93a731822e5356b.256p.jpg.jpeg_crop_0.jpg,mc
a1a4552c218bc30c1738a3642c5691dd.256p.jpg.jpeg,a1a4552c218bc30c1738a3642c5691dd.256p.jpg.jpeg_crop_0.jpg,
a276b7c0da9743accbc0a6e0d88732df.256p.jpg.jpeg,a276b7c0da9743accbc0a6e0d88732df.256p.jpg.jpeg_crop_0.jpg,a oxts xsorox ex he faon ao amdei s oc prime prime u neus
a2d7bd1f1791322949e2087a850997dd.256p.jpg.jpeg,a2d7bd1f1791322949e2087a850997dd.256p.jpg.jpeg_crop_0.jpg,s csow s aizone powerz equietry be
a3020fc8322a2821927ed01af1155620.256p.jpg.jpeg,a3020fc8322a2821927ed01af1155620.256p.jpg.jpeg_crop_0.jpg,msi
a3192df075922ee3bd6fe1e04301b624.256p.jpg.jpeg,a3192df075922ee3bd6fe1e04301b624.256p.jpg.jpeg_crop_0.jpg,
a39289b41b92d2d387a165aca1af3c9d.256p.jpg.jpeg,a39289b41b92d2d387a165aca1af3c9d.256p.jpg.jpeg_crop_0.jpg,laes
a4cecff25f58230f3fbae1903d711e49.256p.jpg.jpeg,a4cecff25f58230f3fbae1903d711e49.256p.jpg.jpeg_crop_0.jpg,
a4ddc6df555e1d01e63b5442f21946d7.256p.jpg.jpeg,a4ddc6df555e1d01e63b5442f21946d7.256p.jpg.jpeg_crop_0.jpg,
a54889ce4a2388399cf0cf168f61efaf.256p.jpg.jpeg,a54889ce4a2388399cf0cf168f61efaf.256p.jpg.jpeg_crop_0.jpg,rohs foce ms hon so s elite gb burst 120 sarist
a5d521869c682b9b728f2a33f3c555ac.256p.jpg.jpeg,a5d521869c682b9b728f2a33f3c555ac.256p.jpg.jpeg_crop_0.jpg,
a5d69e581bfde52d5b129a717dea21b6.256p.jpg.jpeg,a5d69e581bfde52d5b129a717dea21b6.256p.jpg.jpeg_crop_0.jpg,expo ande an rai
a6142ac6b6282d5d01bf025a8e7418a0.256p.jpg.jpeg,a6142ac6b6282d5d01bf025a8e7418a0.256p.jpg.jpeg_crop_0.jpg,
a643cdaa74017b2c39223c6da5372477.256p.jpg.jpeg,a643cdaa74017b2c39223c6da5372477.256p.jpg.jpeg_crop_0.jpg,degot onsoss
a6cfb4e58daecb7b49fb19b0f5268a56.256p.jpg.jpeg,a6cfb4e58daecb7b49fb19b0f5268a56.256p.jpg.jpeg_crop_0.jpg,
a740f5cb83faa73c1d8a62945833056e.256p.jpg.jpeg,a740f5cb83faa73c1d8a62945833056e.256p.jpg.jpeg_crop_0.jpg,
a7ffc5ab34c099836bb0ff9f9dfcab6d.256p.jpg.jpeg,a7ffc5ab34c099836bb0ff9f9dfcab6d.256p.jpg.jpeg_crop_0.jpg,sal
a9b61730d893dc533badebabbefb5488.256p.jpg.jpeg,a9b61730d893dc533badebabbefb5488.256p.jpg.jpeg_crop_0.jpg,
a9c5edf1af947acf48c1c55595977cde.256p.jpg.jpeg,a9c5edf1af947acf48c1c55595977cde.256p.jpg.jpeg_crop_0.jpg,ima r tar lus crucial ps
a9f549d5905f54cf6f3e43c9a38643d5.256p.jpg.jpeg,a9f549d5905f54cf6f3e43c9a38643d5.256p.jpg.jpeg_crop_0.jpg,s t s l t t da cum
aa86351c8df24a48c98e7a14f50631a3.256p.jpg.jpeg,aa86351c8df24a48c98e7a14f50631a3.256p.jpg.jpeg_crop_0.jpg,loo h l i g
acbbf09e0391f7599810e37d7ed1f9de.256p.jpg.jpeg,acbbf09e0391f7599810e37d7ed1f9de.256p.jpg.jpeg_crop_0.jpg,s stamiys ie
ad4f70457b02886f1e6f9c9ae20a72f1.256p.jpg.jpeg,ad4f70457b02886f1e6f9c9ae20a72f1.256p.jpg.jpeg_crop_0.jpg,goolis
ad69b238cf570ec07fb8a00adda58eda.256p.jpg.jpeg,ad69b238cf570ec07fb8a00adda58eda.256p.jpg.jpeg_crop_0.jpg,
adc1a4087a4dd593fe49b79e6373bfd4.256p.jpg.jpeg,adc1a4087a4dd593fe49b79e6373bfd4.256p.jpg.jpeg_crop_0.jpg,
ae076b653790230e95e014df9aadbdff.256p.jpg.jpeg,ae076b653790230e95e014df9aadbdff.256p.jpg.jpeg_crop_0.jpg,oloy olow
ae9c14173c768f2fa9ad4d3c957e94a0.256p.jpg.jpeg,ae9c14173c768f2fa9ad4d3c957e94a0.256p.jpg.jpeg_crop_0.jpg,vinocancs vaorasar
b07f8856896f341990d6f5ed5c663406.256p.jpg.jpeg,b07f8856896f341990d6f5ed5c663406.256p.jpg.jpeg_crop_0.jpg,plus evo 990
b0c60fa6ec041477ad48e09d4203a0da.256p.jpg.jpeg,b0c60fa6ec041477ad48e09d4203a0da.256p.jpg.jpeg_crop_0.jpg,
b1bef448b0e5397e703971eef3a08e40.256p.jpg.jpeg,b1bef448b0e5397e703971eef3a08e40.256p.jpg.jpeg_crop_0.jpg,
b22fb9713e4ad5dd4245dbec30740766.256p.jpg.jpeg,b22fb9713e4ad5dd4245dbec30740766.256p.jpg.jpeg_crop_0.jpg,i
b27a7e4bc53387580b31da81c7df34ab.256p.jpg.jpeg,b27a7e4bc53387580b31da81c7df34ab.256p.jpg.jpeg_crop_0.jpg,
b28dc47f2e7061f2dba49b2b5bd6d335.256p.jpg.jpeg,b28dc47f2e7061f2dba49b2b5bd6d335.256p.jpg.jpeg_crop_0.jpg,crocinl
b3e14fb33812db4cb9829a18b6066b2c.256p.jpg.jpeg,b3e14fb33812db4cb9829a18b6066b2c.256p.jpg.jpeg_crop_0.jpg,sob0 dobo cerect t ventuszk
b593bb95ec0b9a1c2e4bf889f2a8dd32.256p.jpg.jpeg,b593bb95ec0b9a1c2e4bf889f2a8dd32.256p.jpg.jpeg_crop_0.jpg,
b5bba2bf9953c73986a2b94c01e3a90e.256p.jpg.jpeg,b5bba2bf9953c73986a2b94c01e3a90e.256p.jpg.jpeg_crop_0.jpg,
b5cc5d898bdc8cffe2bbfbe5652417ee.256p.jpg.jpeg,b5cc5d898bdc8cffe2bbfbe5652417ee.256p.jpg.jpeg_crop_0.jpg,diness state solid nvme ma crive nvm cstreo pny
b5efd683779ac37de1ac562745545713.256p.jpg.jpeg,b5efd683779ac37de1ac562745545713.256p.jpg.jpeg_crop_0.jpg,aun 16o60 coling
b684575be6a62b1fe86628cbbbca2ac4.256p.jpg.jpeg,b684575be6a62b1fe86628cbbbca2ac4.256p.jpg.jpeg_crop_0.jpg,roj ryzen do i
b69e4a2d3dd9f8fac9ed6bf1b631b0ce.256p.jpg.jpeg,b69e4a2d3dd9f8fac9ed6bf1b631b0ce.256p.jpg.jpeg_crop_0.jpg,be crola oap te unlocked core intel gen
b6ab2ee57b91c56a92a3da6346e47627.256p.jpg.jpeg,b6ab2ee57b91c56a92a3da6346e47627.256p.jpg.jpeg_crop_0.jpg,andar ryzen amde aen lamoo
b76da1b61903db1a3a2ae31295d52f6f.256p.jpg.jpeg,b76da1b61903db1a3a2ae31295d52f6f.256p.jpg.jpeg_crop_0.jpg,w a w a ww
b799e3113602fc415370943709415190.256p.jpg.jpeg,b799e3113602fc415370943709415190.256p.jpg.jpeg_crop_0.jpg,tann cn hn me innd haws s
b7e87809a48525a1340938718110fecc.256p.jpg.jpeg,b7e87809a48525a1340938718110fecc.256p.jpg.jpeg_crop_0.jpg,lae e re k tnis imp4ll m coooooas itb sd pcic nvic cra teamgroup
b7e8bd378dc83ed462dd986eb508ace7.256p.jpg.jpeg,b7e8bd378dc83ed462dd986eb508ace7.256p.jpg.jpeg_crop_0.jpg,s sook g bso bo  m f
b86799fcc72abe55bb03359a550ccdf6.256p.jpg.jpeg,b86799fcc72abe55bb03359a550ccdf6.256p.jpg.jpeg_crop_0.jpg,i h sn s boeeees dee ven b
b897eb9b6b500cbebe80985cb7c8ba7e.256p.jpg.jpeg,b897eb9b6b500cbebe80985cb7c8ba7e.256p.jpg.jpeg_crop_0.jpg,i toon i hooins ire m bzes tood mzp sp  ceicoe sealy i
b92de105986e31796925b0c95a335fa0.256p.jpg.jpeg,b92de105986e31796925b0c95a335fa0.256p.jpg.jpeg_crop_0.jpg,vees sll s boeboos dee van beceesse
b950287e2f141caa4638fc93dc99a6ba.256p.jpg.jpeg,b950287e2f141caa4638fc93dc99a6ba.256p.jpg.jpeg_crop_0.jpg,bosoe d cossie sx
b9d3c68bbf713cdd1211f3792040ce95.256p.jpg.jpeg,b9d3c68bbf713cdd1211f3792040ce95.256p.jpg.jpeg_crop_0.jpg,unlocked core intel ca 1
ba20600286bf8f74ce71df37ed8aef65.256p.jpg.jpeg,ba20600286bf8f74ce71df37ed8aef65.256p.jpg.jpeg_crop_0.jpg,n g ce m sols ziss e caordst d a
ba3f1ee18ce6535b90116201b175bbef.256p.jpg.jpeg,ba3f1ee18ce6535b90116201b175bbef.256p.jpg.jpeg_crop_0.jpg,
ba87b0c925c292d22dca488e2296d258.256p.jpg.jpeg,ba87b0c925c292d22dca488e2296d258.256p.jpg.jpeg_crop_0.jpg,beast dors dors furs
bb4fb586eae43c6dd135c6a5b97ddb52.256p.jpg.jpeg,bb4fb586eae43c6dd135c6a5b97ddb52.256p.jpg.jpeg_crop_0.jpg,
bbe3d900dc2abf2a0828e4860619a58e.256p.jpg.jpeg,bbe3d900dc2abf2a0828e4860619a58e.256p.jpg.jpeg_crop_0.jpg,512gb sng f a m r crereg rohs cefc pot pariet
bbff08990bf49c7db84fbbd100460516.256p.jpg.jpeg,bbff08990bf49c7db84fbbd100460516.256p.jpg.jpeg_crop_0.jpg,
bc2dcc30127b984037b5d5967727f74a.256p.jpg.jpeg,bc2dcc30127b984037b5d5967727f74a.256p.jpg.jpeg_crop_0.jpg,
bc6e987da3fe22c616898d1d7fa3d227.256p.jpg.jpeg,bc6e987da3fe22c616898d1d7fa3d227.256p.jpg.jpeg_crop_0.jpg,t cmane m d a oloeoot pi t s
bd2577c6ecabce9f78526a09410351e0.256p.jpg.jpeg,bd2577c6ecabce9f78526a09410351e0.256p.jpg.jpeg_crop_0.jpg,god vaso sex
bf0023fb357f037c354139e56a95aa4d.256p.jpg.jpeg,bf0023fb357f037c354139e56a95aa4d.256p.jpg.jpeg_crop_0.jpg,
bf613e9d7fc5e9975f3e2609d985d9d9.256p.jpg.jpeg,bf613e9d7fc5e9975f3e2609d985d9d9.256p.jpg.jpeg_crop_0.jpg,
bf642d2af83428f1f3bf198fc2f04f77.256p.jpg.jpeg,bf642d2af83428f1f3bf198fc2f04f77.256p.jpg.jpeg_crop_0.jpg,t s cr rl aecis aegis
bf6939e818d9dd155a2acf5199ef6720.256p.jpg.jpeg,bf6939e818d9dd155a2acf5199ef6720.256p.jpg.jpeg_crop_0.jpg,as f s
bf950d502a28575d015348684bf78a37.256p.jpg.jpeg,bf950d502a28575d015348684bf78a37.256p.jpg.jpeg_crop_0.jpg,
c0060ae80a7b71686da1ca92324d0f68.256p.jpg.jpeg,c0060ae80a7b71686da1ca92324d0f68.256p.jpg.jpeg_crop_0.jpg,sf
c04beca6c6820e5b4fe612ab1850b8cd.256p.jpg.jpeg,c04beca6c6820e5b4fe612ab1850b8cd.256p.jpg.jpeg_crop_0.jpg,cold pe centurpo mon
c058ff0ffb542302d5b1c75cf8658ecd.256p.jpg.jpeg,c058ff0ffb542302d5b1c75cf8658ecd.256p.jpg.jpeg_crop_0.jpg,acomies cra
c091adac8120c424d3fcf03bec914302.256p.jpg.jpeg,c091adac8120c424d3fcf03bec914302.256p.jpg.jpeg_crop_0.jpg,evzen amde ao abs m sns
c09b33bf4c2452bbc71fac7691860f4a.256p.jpg.jpeg,c09b33bf4c2452bbc71fac7691860f4a.256p.jpg.jpeg_crop_0.jpg,s 
c17472cd578b7847c10089750b161a2f.256p.jpg.jpeg,c17472cd578b7847c10089750b161a2f.256p.jpg.jpeg_crop_0.jpg,e joro lau goncer erel e pigabyte
c1c0551489e7f81cd521f6bfc7dac233.256p.jpg.jpeg,c1c0551489e7f81cd521f6bfc7dac233.256p.jpg.jpeg_crop_0.jpg,
c3add07e7b316b6ba9612df7157dbc1e.256p.jpg.jpeg,c3add07e7b316b6ba9612df7157dbc1e.256p.jpg.jpeg_crop_0.jpg,s
c3d3a6843e0c0a5d98155e9fa68c092c.256p.jpg.jpeg,c3d3a6843e0c0a5d98155e9fa68c092c.256p.jpg.jpeg_crop_0.jpg,c c phon siner unlocked core intel moes y
c3e5d01cec2fa20b6f47fe8a400c08d6.256p.jpg.jpeg,c3e5d01cec2fa20b6f47fe8a400c08d6.256p.jpg.jpeg_crop_0.jpg,unlocked core g intel kioey
c4369596c853d9da016e5878929ce45d.256p.jpg.jpeg,c4369596c853d9da016e5878929ce45d.256p.jpg.jpeg_crop_0.jpg,
c4c978ad9ecf59156eab170fbfbabe21.256p.jpg.jpeg,c4c978ad9ecf59156eab170fbfbabe21.256p.jpg.jpeg_crop_0.jpg,
c4e88a542c4b606edfc74f9fc5d991d9.256p.jpg.jpeg,c4e88a542c4b606edfc74f9fc5d991d9.256p.jpg.jpeg_crop_0.jpg,
c5489241c902a9ae06a42212e978f989.256p.jpg.jpeg,c5489241c902a9ae06a42212e978f989.256p.jpg.jpeg_crop_0.jpg,er hm faosoy a usrock
c61cf578206c7afb06eb1af27edb1f7b.256p.jpg.jpeg,c61cf578206c7afb06eb1af27edb1f7b.256p.jpg.jpeg_crop_0.jpg,vengeance venge seances
c62f5aa1d2d902523596f383c7946a7b.256p.jpg.jpeg,c62f5aa1d2d902523596f383c7946a7b.256p.jpg.jpeg_crop_0.jpg,i tse crucial
c667996432f428a46dd9e6286ff95b5f.256p.jpg.jpeg,c667996432f428a46dd9e6286ff95b5f.256p.jpg.jpeg_crop_0.jpg,
c67d8f42c0e57b268f068172e9a3f571.256p.jpg.jpeg,c67d8f42c0e57b268f068172e9a3f571.256p.jpg.jpeg_crop_0.jpg,ha s core intel gen h s g
c75eee87606a7ee1b5f90816fc5a16ea.256p.jpg.jpeg,c75eee87606a7ee1b5f90816fc5a16ea.256p.jpg.jpeg_crop_0.jpg,ripoast ripsawed
c7b5b7dacbecdcdd0e073b761193eef6.256p.jpg.jpeg,c7b5b7dacbecdcdd0e073b761193eef6.256p.jpg.jpeg_crop_0.jpg,tb a compute barracuda gergata
c7baf2c9c9cc15ae23adb24c2f4316fc.256p.jpg.jpeg,c7baf2c9c9cc15ae23adb24c2f4316fc.256p.jpg.jpeg_crop_0.jpg,lanoss ryzen anoer amda
c89cc9ea2051206aebd4189ddf05f76b.256p.jpg.jpeg,c89cc9ea2051206aebd4189ddf05f76b.256p.jpg.jpeg_crop_0.jpg,vliusz z060 poso gorn m geforcer eans m
c8eca1f7fd81d05f9713cb8727ad2611.256p.jpg.jpeg,c8eca1f7fd81d05f9713cb8727ad2611.256p.jpg.jpeg_crop_0.jpg,i
c8f65245aff45313f03aaad255078883.256p.jpg.jpeg,c8f65245aff45313f03aaad255078883.256p.jpg.jpeg_crop_0.jpg,unlockid core s intel hoc ln s h c h
c9117c605854e9387e57cd69ebca2415.256p.jpg.jpeg,c9117c605854e9387e57cd69ebca2415.256p.jpg.jpeg_crop_0.jpg,unlocked core g intel himoly
ca16d42d3e187f96c728c09183df14a7.med.256p.jpg.jpeg,ca16d42d3e187f96c728c09183df14a7.med.256p.jpg.jpeg_crop_0.jpg,
ca2a45c3504ad400dc117acc56108ada.256p.jpg.jpeg,ca2a45c3504ad400dc117acc56108ada.256p.jpg.jpeg_crop_0.jpg,i t lec c
ca7982eafd093cfb1d47f3b2887db528.256p.jpg.jpeg,ca7982eafd093cfb1d47f3b2887db528.256p.jpg.jpeg_crop_0.jpg,
cb68f30150eed43e764817cccdee7feb.256p.jpg.jpeg,cb68f30150eed43e764817cccdee7feb.256p.jpg.jpeg_crop_0.jpg,dseon gocon ouronel les c gigabyte
cc01b76b3e479543f4d8c027f9a9b73c.256p.jpg.jpeg,cc01b76b3e479543f4d8c027f9a9b73c.256p.jpg.jpeg_crop_0.jpg,venge eance venge eance
cd1c62429bd8d83e6d8dc273f0cc179c.256p.jpg.jpeg,cd1c62429bd8d83e6d8dc273f0cc179c.256p.jpg.jpeg_crop_0.jpg,dossin
cd249f96382c3c81f82b829154af3c8e.256p.jpg.jpeg,cd249f96382c3c81f82b829154af3c8e.256p.jpg.jpeg_crop_0.jpg,io 1 sosons soe sepopcisty anume
cd30fd761012460241548ac2a5a9f8a4.256p.jpg.jpeg,cd30fd761012460241548ac2a5a9f8a4.256p.jpg.jpeg_crop_0.jpg,msi msi
cd5f3bb9add2e4123ade1d5161553326.256p.jpg.jpeg,cd5f3bb9add2e4123ade1d5161553326.256p.jpg.jpeg_crop_0.jpg,gaming kwifigs bssom s gigabyte
cde10e535554911bab94e6d19b91226e.256p.jpg.jpeg,cde10e535554911bab94e6d19b91226e.256p.jpg.jpeg_crop_0.jpg,vengeance vengeance
cdf0213f62ccdb8c0d239d809eca0762.256p.jpg.jpeg,cdf0213f62ccdb8c0d239d809eca0762.256p.jpg.jpeg_crop_0.jpg,wa vat as nad t s n v
ce5ffddc2c5a21f074f6abcc6e972249.256p.jpg.jpeg,ce5ffddc2c5a21f074f6abcc6e972249.256p.jpg.jpeg_crop_0.jpg,urgs mlr sn fyzen s s damdel s n ryzei amdit amda
cf20560e7e4a9e474fcb4c88238e4ffd.256p.jpg.jpeg,cf20560e7e4a9e474fcb4c88238e4ffd.256p.jpg.jpeg_crop_0.jpg,
cf3d0f0524d2e319b2e8eb117d9b63ca.256p.jpg.jpeg,cf3d0f0524d2e319b2e8eb117d9b63ca.256p.jpg.jpeg_crop_0.jpg,
d031b41e8948f8b9499ec37c6b33bd91.256p.jpg.jpeg,d031b41e8948f8b9499ec37c6b33bd91.256p.jpg.jpeg_crop_0.jpg,oaatoe
d07f7f24d04083a57ef41d3130cbd992.256p.jpg.jpeg,d07f7f24d04083a57ef41d3130cbd992.256p.jpg.jpeg_crop_0.jpg,o bon roo aon s p s 
d1f30b497f0fd6289278b33ec776f86b.256p.jpg.jpeg,d1f30b497f0fd6289278b33ec776f86b.256p.jpg.jpeg_crop_0.jpg,f
d28123654f51c07102f4b17dc4a08e54.256p.jpg.jpeg,d28123654f51c07102f4b17dc4a08e54.256p.jpg.jpeg_crop_0.jpg,
d28379b9dec15eb6b32ea27b768b85e6.256p.jpg.jpeg,d28379b9dec15eb6b32ea27b768b85e6.256p.jpg.jpeg_crop_0.jpg,p oohioe
d2e3f9b94f541ad51a19011026245df2.256p.jpg.jpeg,d2e3f9b94f541ad51a19011026245df2.256p.jpg.jpeg_crop_0.jpg,tfoace deltng po tforce deltas
d31150b26d756cc5e2221e63f264e8d6.256p.jpg.jpeg,d31150b26d756cc5e2221e63f264e8d6.256p.jpg.jpeg_crop_0.jpg,
d341970c610a68f6188dd0c370743769.256p.jpg.jpeg,d341970c610a68f6188dd0c370743769.256p.jpg.jpeg_crop_0.jpg,i lmby
d38916830c5255ceb6a5472d2d835784.256p.jpg.jpeg,d38916830c5255ceb6a5472d2d835784.256p.jpg.jpeg_crop_0.jpg,i  cs
d3a0054902d36d38a60d09d83698d7c8.256p.jpg.jpeg,d3a0054902d36d38a60d09d83698d7c8.256p.jpg.jpeg_crop_0.jpg,f i
d3b30a207c7d1f6425a742e9169a8ee0.256p.jpg.jpeg,d3b30a207c7d1f6425a742e9169a8ee0.256p.jpg.jpeg_crop_0.jpg,
d3d588536b23037ec14a155a67de9e4a.256p.jpg.jpeg,d3d588536b23037ec14a155a67de9e4a.256p.jpg.jpeg_crop_0.jpg,
d45365fc05268cf82bf9720808262049.256p.jpg.jpeg,d45365fc05268cf82bf9720808262049.256p.jpg.jpeg_crop_0.jpg,
d54a12ece6338a1a71ecaa145f58f616.256p.jpg.jpeg,d54a12ece6338a1a71ecaa145f58f616.256p.jpg.jpeg_crop_0.jpg,is houlns crucial pe10 micron
d5ae2e9f000a9c994f70e092b05c80ef.256p.jpg.jpeg,d5ae2e9f000a9c994f70e092b05c80ef.256p.jpg.jpeg_crop_0.jpg,amdod ryzen amdet aen s ande do
d658fbb8695607dc4964431e6b6b9373.256p.jpg.jpeg,d658fbb8695607dc4964431e6b6b9373.256p.jpg.jpeg_crop_0.jpg,unlocked ultra core intel
d7893755609db1feb833c99ad9d243bf.256p.jpg.jpeg,d7893755609db1feb833c99ad9d243bf.256p.jpg.jpeg_crop_0.jpg,rolo
d7dea28613ac935e748d330d16ffea69.256p.jpg.jpeg,d7dea28613ac935e748d330d16ffea69.256p.jpg.jpeg_crop_0.jpg,i ln t
d85af27e38505651d2ad048fb72ee1fa.256p.jpg.jpeg,d85af27e38505651d2ad048fb72ee1fa.256p.jpg.jpeg_crop_0.jpg,p t 
d8f4d13ba49891eb3929bdddc3d87b4b.256p.jpg.jpeg,d8f4d13ba49891eb3929bdddc3d87b4b.256p.jpg.jpeg_crop_0.jpg,poes peosly mas
d91d1da465afdceccb1152763b266b4a.256p.jpg.jpeg,d91d1da465afdceccb1152763b266b4a.256p.jpg.jpeg_crop_0.jpg,mii mst mst
d9e08ab3fe18574bdc4f01dcfecce0ea.256p.jpg.jpeg,d9e08ab3fe18574bdc4f01dcfecce0ea.256p.jpg.jpeg_crop_0.jpg,swes eopus am a e
da52d72313deb270a5397a87703991d0.256p.jpg.jpeg,da52d72313deb270a5397a87703991d0.256p.jpg.jpeg_crop_0.jpg,
da67975baa3e2a69497334af8eee81ce.256p.jpg.jpeg,da67975baa3e2a69497334af8eee81ce.256p.jpg.jpeg_crop_0.jpg,strix s
daf819b70eccf7fec275bd65e3fe2b6a.256p.jpg.jpeg,daf819b70eccf7fec275bd65e3fe2b6a.256p.jpg.jpeg_crop_0.jpg,s s f
dbb71bb11592fff92343d7d68db13544.256p.jpg.jpeg,dbb71bb11592fff92343d7d68db13544.256p.jpg.jpeg_crop_0.jpg,
dbc81b89efc82ce66fb2e3ab7e0f0658.256p.jpg.jpeg,dbc81b89efc82ce66fb2e3ab7e0f0658.256p.jpg.jpeg_crop_0.jpg,i ms msi
dbcc01d16fe6fb17f09bc5e55c3e38ae.256p.jpg.jpeg,dbcc01d16fe6fb17f09bc5e55c3e38ae.256p.jpg.jpeg_crop_0.jpg,ba m s c ex c m m ki i h t t s m kx m c t t t c c x o m tx k m s f m i t m bo i i 1 t m sis
dbeab7d9b737c8904b1b75679b3db3a6.256p.jpg.jpeg,dbeab7d9b737c8904b1b75679b3db3a6.256p.jpg.jpeg_crop_0.jpg,
dc9235e0d8052745493eb900bb9df6f6.256p.jpg.jpeg,dc9235e0d8052745493eb900bb9df6f6.256p.jpg.jpeg_crop_0.jpg,
dd209f6e731740b8c5f702e2fc673ad2.256p.jpg.jpeg,dd209f6e731740b8c5f702e2fc673ad2.256p.jpg.jpeg_crop_0.jpg,ca cuk atc cnvm a tn nvs r oges s00 kingston aamosroee
dd8adf5a0ffce11e405d510361739c69.256p.jpg.jpeg,dd8adf5a0ffce11e405d510361739c69.256p.jpg.jpeg_crop_0.jpg,
de8d089eec0681bef6c59b47f908e2ef.256p.jpg.jpeg,de8d089eec0681bef6c59b47f908e2ef.256p.jpg.jpeg_crop_0.jpg,
df16c34a7f230bb2f6848cd90c87e0fb.256p.jpg.jpeg,df16c34a7f230bb2f6848cd90c87e0fb.256p.jpg.jpeg_crop_0.jpg,
df4e2992d37f23922fb5d8d9ce743981.256p.jpg.jpeg,df4e2992d37f23922fb5d8d9ce743981.256p.jpg.jpeg_crop_0.jpg,pea n ian te pnts ps10 crucial
dfc47937e6bd43628ec6ed2034d2e0ab.256p.jpg.jpeg,dfc47937e6bd43628ec6ed2034d2e0ab.256p.jpg.jpeg_crop_0.jpg,
e04055d053782012caa3bc582c97080c.256p.jpg.jpeg,e04055d053782012caa3bc582c97080c.256p.jpg.jpeg_crop_0.jpg,
e04f7c7b9bb44e66f4518b2d99d5798d.256p.jpg.jpeg,e04f7c7b9bb44e66f4518b2d99d5798d.256p.jpg.jpeg_crop_0.jpg,plus evo 990
e0a34fbe10acaf519ea2ed36a8e7fc2e.256p.jpg.jpeg,e0a34fbe10acaf519ea2ed36a8e7fc2e.256p.jpg.jpeg_crop_0.jpg,sy
e10a4432559e6016902b572d4e062e7c.256p.jpg.jpeg,e10a4432559e6016902b572d4e062e7c.256p.jpg.jpeg_crop_0.jpg,s
e114446516cb565272b30e82624774be.256p.jpg.jpeg,e114446516cb565272b30e82624774be.256p.jpg.jpeg_crop_0.jpg,
e11670c2172661fcce6e0ace11c1cb47.256p.jpg.jpeg,e11670c2172661fcce6e0ace11c1cb47.256p.jpg.jpeg_crop_0.jpg,
e12bec22ce3376a2356f504366ad1d8b.256p.jpg.jpeg,e12bec22ce3376a2356f504366ad1d8b.256p.jpg.jpeg_crop_0.jpg,1 a p e t a s s e
e1a0bb0ca24bc0c2d95fea57a8c2019d.256p.jpg.jpeg,e1a0bb0ca24bc0c2d95fea57a8c2019d.256p.jpg.jpeg_crop_0.jpg,to esair smmioatel
e1f3bf613a5651db6f394c8dd41f0f15.256p.jpg.jpeg,e1f3bf613a5651db6f394c8dd41f0f15.256p.jpg.jpeg_crop_0.jpg,aol t s ryzen amdet
e2090d6841bfea8c2ec3aee350b4a3ab.256p.jpg.jpeg,e2090d6841bfea8c2ec3aee350b4a3ab.256p.jpg.jpeg_crop_0.jpg,
e2492f878a1a093f45b6ae34d8185236.256p.jpg.jpeg,e2492f878a1a093f45b6ae34d8185236.256p.jpg.jpeg_crop_0.jpg,
e2492f878a1a093f45b6ae34d8185236.256p.jpg.jpeg,e2492f878a1a093f45b6ae34d8185236.256p.jpg.jpeg_crop_1.jpg,
e28de633eafbdc136277c18fc2acc45f.256p.jpg.jpeg,e28de633eafbdc136277c18fc2acc45f.256p.jpg.jpeg_crop_0.jpg,m p far crucial plus ps
e297517330e5a91ec38e95b9377df1a0.256p.jpg.jpeg,e297517330e5a91ec38e95b9377df1a0.256p.jpg.jpeg_crop_0.jpg,i scostie stel
e34aa9b26728023fbd3919e021729b44.256p.jpg.jpeg,e34aa9b26728023fbd3919e021729b44.256p.jpg.jpeg_crop_0.jpg,
e3d7a1d651e10ee06ee3aae4eda51f05.256p.jpg.jpeg,e3d7a1d651e10ee06ee3aae4eda51f05.256p.jpg.jpeg_crop_0.jpg,n cn  e a s 
e3f5e5e966e562c1ec685b17ed83bccb.256p.jpg.jpeg,e3f5e5e966e562c1ec685b17ed83bccb.256p.jpg.jpeg_crop_0.jpg,cusin
e40d8d2f2651fa6faca4e0a4552f8545.256p.jpg.jpeg,e40d8d2f2651fa6faca4e0a4552f8545.256p.jpg.jpeg_crop_0.jpg,
e466732c63d1d636cf13e256bb7cf5ff.256p.jpg.jpeg,e466732c63d1d636cf13e256bb7cf5ff.256p.jpg.jpeg_crop_0.jpg,funlockeds t s  s t s t s s c s  s   3 5 inted
e4a16a219fbf878e01a4beae50bbc0ef.256p.jpg.jpeg,e4a16a219fbf878e01a4beae50bbc0ef.256p.jpg.jpeg_crop_0.jpg,
e508c7c5a301831579045f9fda179aac.256p.jpg.jpeg,e508c7c5a301831579045f9fda179aac.256p.jpg.jpeg_crop_0.jpg,tro
e55cd4d5e340ed49b1f0ac2f16bde6d0.256p.jpg.jpeg,e55cd4d5e340ed49b1f0ac2f16bde6d0.256p.jpg.jpeg_crop_0.jpg,he
e5b36206d27e6d780584db76eadc621f.256p.jpg.jpeg,e5b36206d27e6d780584db76eadc621f.256p.jpg.jpeg_crop_0.jpg,beast foorss dors forh
e5ca60dc2137886fac6e13e30aad8ed9.256p.jpg.jpeg,e5ca60dc2137886fac6e13e30aad8ed9.256p.jpg.jpeg_crop_0.jpg,d eyzen amdil aam amoo le
e5d0d71b07fa16cc1ac7eb3c676a7831.256p.jpg.jpeg,e5d0d71b07fa16cc1ac7eb3c676a7831.256p.jpg.jpeg_crop_0.jpg,tmoen n p
e5d8c71ba7c15404b87a7fcdf7251281.256p.jpg.jpeg,e5d8c71ba7c15404b87a7fcdf7251281.256p.jpg.jpeg_crop_0.jpg,t coreis jothg hgens unted
e5ef70a31eda568d633f331a887b2aae.256p.jpg.jpeg,e5ef70a31eda568d633f331a887b2aae.256p.jpg.jpeg_crop_0.jpg,mai
e620945c5a6d2b798d7c52e3d29cfe6c.256p.jpg.jpeg,e620945c5a6d2b798d7c52e3d29cfe6c.256p.jpg.jpeg_crop_0.jpg,
e63f1c68694e1f9fbf7d71f48052a1fe.256p.jpg.jpeg,e63f1c68694e1f9fbf7d71f48052a1fe.256p.jpg.jpeg_crop_0.jpg,s
e66fc9e6326af9ce97e3bd50268f61a2.256p.jpg.jpeg,e66fc9e6326af9ce97e3bd50268f61a2.256p.jpg.jpeg_crop_0.jpg,porto orne kingstont kczooo
e6ec6fd92a901825fcbcc79fea85c79f.256p.jpg.jpeg,e6ec6fd92a901825fcbcc79fea85c79f.256p.jpg.jpeg_crop_0.jpg,
e71bea262e634ec0decd5847c6e4d0a1.256p.jpg.jpeg,e71bea262e634ec0decd5847c6e4d0a1.256p.jpg.jpeg_crop_0.jpg,
e78e01bbb56c5608fe37fc45d2fcb2b5.256p.jpg.jpeg,e78e01bbb56c5608fe37fc45d2fcb2b5.256p.jpg.jpeg_crop_0.jpg,sels g
e78fc3e747a9baeef9096ad8e0a66f2c.256p.jpg.jpeg,e78fc3e747a9baeef9096ad8e0a66f2c.256p.jpg.jpeg_crop_0.jpg,vengeance iengeance
e7b318c275d53698549fbe3b03fbb76e.256p.jpg.jpeg,e7b318c275d53698549fbe3b03fbb76e.256p.jpg.jpeg_crop_0.jpg,
e7c2e56f9ec5d4486076d654d8237afe.256p.jpg.jpeg,e7c2e56f9ec5d4486076d654d8237afe.256p.jpg.jpeg_crop_0.jpg,
e81737b03f15f9d68443d480d0e4e2ff.256p.jpg.jpeg,e81737b03f15f9d68443d480d0e4e2ff.256p.jpg.jpeg_crop_0.jpg,
e8e7d9593f6e2f60baf789cbfb94eb55.256p.jpg.jpeg,e8e7d9593f6e2f60baf789cbfb94eb55.256p.jpg.jpeg_crop_0.jpg,zo2z ad kades halassia f bn fozoe soolo bs aospor adooonens 100 zon zbooxed ryz amd ryzen amda
e8e7d9593f6e2f60baf789cbfb94eb55.256p.jpg.jpeg,e8e7d9593f6e2f60baf789cbfb94eb55.256p.jpg.jpeg_crop_1.jpg,zo2z ad kades halassia f bc fozoe soolo bs aospor oocooaene 100 zon zbooxed ryz amd ryzen amda
e919a2d3600ffaf5d00b64b5d80c2c3b.256p.jpg.jpeg,e919a2d3600ffaf5d00b64b5d80c2c3b.256p.jpg.jpeg_crop_0.jpg,tn i s 2 ploin so rw nsso blue wd
e92f825ed1d88b0cb0fac7933b6d853c.256p.jpg.jpeg,e92f825ed1d88b0cb0fac7933b6d853c.256p.jpg.jpeg_crop_0.jpg,de
ea4bedfb41d590aa801cbbcd535ab039.256p.jpg.jpeg,ea4bedfb41d590aa801cbbcd535ab039.256p.jpg.jpeg_crop_0.jpg,trs sun ms must i i sann z c g msi
ea53c568adee3b4cfd95df87cd04c30b.256p.jpg.jpeg,ea53c568adee3b4cfd95df87cd04c30b.256p.jpg.jpeg_crop_0.jpg,
eaa95c0e62803b458f2f0d163dfffa91.256p.jpg.jpeg,eaa95c0e62803b458f2f0d163dfffa91.256p.jpg.jpeg_crop_0.jpg,how
ebd0dcafaf707dc2d772c44585ea8e10.256p.jpg.jpeg,ebd0dcafaf707dc2d772c44585ea8e10.256p.jpg.jpeg_crop_0.jpg,32
ec3fc6477ed914f51a028bc29f0e20aa.256p.jpg.jpeg,ec3fc6477ed914f51a028bc29f0e20aa.256p.jpg.jpeg_crop_0.jpg,
ec48e16ee4d6629045cfc4d71c649746.256p.jpg.jpeg,ec48e16ee4d6629045cfc4d71c649746.256p.jpg.jpeg_crop_0.jpg,disn
ed6b9e88000d7dc9e6b6ea0e06b20532.256p.jpg.jpeg,ed6b9e88000d7dc9e6b6ea0e06b20532.256p.jpg.jpeg_crop_0.jpg,
ee430c2bbe34ba14fdf0378514f2bfdc.256p.jpg.jpeg,ee430c2bbe34ba14fdf0378514f2bfdc.256p.jpg.jpeg_crop_0.jpg,es log reaper
ee5dce8b58c4c1e8661c97a35289d2fb.256p.jpg.jpeg,ee5dce8b58c4c1e8661c97a35289d2fb.256p.jpg.jpeg_crop_0.jpg,samsung
eef1b2e0ab31f6cbcbe01d162f44b952.256p.jpg.jpeg,eef1b2e0ab31f6cbcbe01d162f44b952.256p.jpg.jpeg_crop_0.jpg,pn dply a coffel ceot 50 30 c
ef3ced8a8c3b89a50ac43076f6ed0a0f.256p.jpg.jpeg,ef3ced8a8c3b89a50ac43076f6ed0a0f.256p.jpg.jpeg_crop_0.jpg,mengnce
f016a332e2c52da6b3bc42013e651566.256p.jpg.jpeg,f016a332e2c52da6b3bc42013e651566.256p.jpg.jpeg_crop_0.jpg,
f0363dfe4d946330b9b5f65a3b38722f.256p.jpg.jpeg,f0363dfe4d946330b9b5f65a3b38722f.256p.jpg.jpeg_crop_0.jpg,
f06b7a0e60de10e6d1be7bbc0e98d299.256p.jpg.jpeg,f06b7a0e60de10e6d1be7bbc0e98d299.256p.jpg.jpeg_crop_0.jpg,42
f0d757d712dd7145ecf00152653e5ec1.256p.jpg.jpeg,f0d757d712dd7145ecf00152653e5ec1.256p.jpg.jpeg_crop_0.jpg,anda ryzen andn e azan arel
f0e0e59d75066ec825667b71c31e3c83.256p.jpg.jpeg,f0e0e59d75066ec825667b71c31e3c83.256p.jpg.jpeg_crop_0.jpg,andal ryzen aamdit rzeh nol sur ad
f11e54d5a812379d28e34bc51143332b.256p.jpg.jpeg,f11e54d5a812379d28e34bc51143332b.256p.jpg.jpeg_crop_0.jpg,s e coat s  e
f154f20635f7e56b180c01266156053f.256p.jpg.jpeg,f154f20635f7e56b180c01266156053f.256p.jpg.jpeg_crop_0.jpg,code ose p c s
f22d681ccfd01238e756443a474f400b.256p.jpg.jpeg,f22d681ccfd01238e756443a474f400b.256p.jpg.jpeg_crop_0.jpg,fa
f2b81ef4f53b4566edfd5a5c7c60977d.256p.jpg.jpeg,f2b81ef4f53b4566edfd5a5c7c60977d.256p.jpg.jpeg_crop_0.jpg,drive shad et comeure barracudas seagate
f2cacb6e0f6003d798989357654aff3c.256p.jpg.jpeg,f2cacb6e0f6003d798989357654aff3c.256p.jpg.jpeg_crop_0.jpg,thredapper ryzen amde
f3d3390c0b08de6bbdfecbac012c639b.256p.jpg.jpeg,f3d3390c0b08de6bbdfecbac012c639b.256p.jpg.jpeg_crop_0.jpg,l s plorn s row ansbo blue woe
f3d49f21c4bbc671af07e2be31f23b94.256p.jpg.jpeg,f3d49f21c4bbc671af07e2be31f23b94.256p.jpg.jpeg_crop_0.jpg,reresne
f488ef9e12f2c763481fa0a720647dfd.256p.jpg.jpeg,f488ef9e12f2c763481fa0a720647dfd.256p.jpg.jpeg_crop_0.jpg,
f4ba2af40fa30a597244521a441515b5.256p.jpg.jpeg,f4ba2af40fa30a597244521a441515b5.256p.jpg.jpeg_crop_0.jpg,t t t s s s mag
f4baa809d4e22a84a737996b649c6083.256p.jpg.jpeg,f4baa809d4e22a84a737996b649c6083.256p.jpg.jpeg_crop_0.jpg,s 2
f52a9a0b2a28f096b5b1e5bf02707224.256p.jpg.jpeg,f52a9a0b2a28f096b5b1e5bf02707224.256p.jpg.jpeg_crop_0.jpg,
f534d935371e62d5ae8e46e9f05f300d.256p.jpg.jpeg,f534d935371e62d5ae8e46e9f05f300d.256p.jpg.jpeg_crop_0.jpg,reaper percae
f577f1660a609f8936a38ce0193993b2.256p.jpg.jpeg,f577f1660a609f8936a38ce0193993b2.256p.jpg.jpeg_crop_0.jpg,v aa v
f599944d7bed683e57062447764ce9d9.256p.jpg.jpeg,f599944d7bed683e57062447764ce9d9.256p.jpg.jpeg_crop_0.jpg,ryzed s s mon s s ryzen adee aldagy jamdet te
f59f755822e537a84f21ec7920a76f83.256p.jpg.jpeg,f59f755822e537a84f21ec7920a76f83.256p.jpg.jpeg_crop_0.jpg,e k
f5b1674c2d725945298cd1f11d305fb7.256p.jpg.jpeg,f5b1674c2d725945298cd1f11d305fb7.256p.jpg.jpeg_crop_0.jpg,beast dons cora furh
f68bf787cff2da68c4f1dfe73a9981b4.256p.jpg.jpeg,f68bf787cff2da68c4f1dfe73a9981b4.256p.jpg.jpeg_crop_0.jpg,
f6fea6464195fc74a8f49a1c9a696a67.256p.jpg.jpeg,f6fea6464195fc74a8f49a1c9a696a67.256p.jpg.jpeg_crop_0.jpg,xlrb xlrb
f7d28bd70b14a7eaef6627ce7ecc3fd6.256p.jpg.jpeg,f7d28bd70b14a7eaef6627ce7ecc3fd6.256p.jpg.jpeg_crop_0.jpg,expo am flire giskill flare
f7ef0967f1ceb8bb467e4a8b1344a401.256p.jpg.jpeg,f7ef0967f1ceb8bb467e4a8b1344a401.256p.jpg.jpeg_crop_0.jpg,eczo sties snbood sed cola w green wd
f83c6c4ee8cb5a6801f35aae5fc5d018.256p.jpg.jpeg,f83c6c4ee8cb5a6801f35aae5fc5d018.256p.jpg.jpeg_crop_0.jpg,se lnss eyzen ae ryzen bdrnes jmdet i h se amba m aes
f86c8c5780481bd5cfd54e7251ce354e.256p.jpg.jpeg,f86c8c5780481bd5cfd54e7251ce354e.256p.jpg.jpeg_crop_0.jpg,so vi soso n i dity f rtx geforce
f909fab47cb20bea4096f4b62f3d3ccf.256p.jpg.jpeg,f909fab47cb20bea4096f4b62f3d3ccf.256p.jpg.jpeg_crop_0.jpg,s goron omert m t c ln s gigabyte
f97fce0b44ff2447a790b0bffc74f9f3.256p.jpg.jpeg,f97fce0b44ff2447a790b0bffc74f9f3.256p.jpg.jpeg_crop_0.jpg,ripjaws shimaniet
fa05a92bf5e27cd0ba94bb8372db2419.256p.jpg.jpeg,fa05a92bf5e27cd0ba94bb8372db2419.256p.jpg.jpeg_crop_0.jpg,monr mnni
fac31c8cea999908580b1081eed58c0e.256p.jpg.jpeg,fac31c8cea999908580b1081eed58c0e.256p.jpg.jpeg_crop_0.jpg,f ea
fc8889b70fba1d57031e100cf6562622.256p.jpg.jpeg,fc8889b70fba1d57031e100cf6562622.256p.jpg.jpeg_crop_0.jpg,pro 9100 sb
fcf1376b4011b81307f2eb83fb68d582.256p.jpg.jpeg,fcf1376b4011b81307f2eb83fb68d582.256p.jpg.jpeg_crop_0.jpg,doow sonel e dp unlocked ultra s s g core intel
fcf73d393a43493ce7f07fd77e50ac5b.256p.jpg.jpeg,fcf73d393a43493ce7f07fd77e50ac5b.256p.jpg.jpeg_crop_0.jpg,i t t i  c ic ao lie i snecoo sso onvies blue wd
fd6305088c9d16d59017b380fb9c408a.256p.jpg.jpeg,fd6305088c9d16d59017b380fb9c408a.256p.jpg.jpeg_crop_0.jpg,han ry yzen lamdel aye i
fd99aab7f118f143c3e5fb3ffbe7634c.256p.jpg.jpeg,fd99aab7f118f143c3e5fb3ffbe7634c.256p.jpg.jpeg_crop_0.jpg,32
fde7ea2fd82e40a1a6acb5297de68611.256p.jpg.jpeg,fde7ea2fd82e40a1a6acb5297de68611.256p.jpg.jpeg_crop_0.jpg,e 1or0 goro crty sroncer oc m prime prime pg reus
fdf09b4bc9f4b16d37c0920c50cc20d6.256p.jpg.jpeg,fdf09b4bc9f4b16d37c0920c50cc20d6.256p.jpg.jpeg_crop_0.jpg,
fe0743e587416e7fa161bfd0dca8237f.256p.jpg.jpeg,fe0743e587416e7fa161bfd0dca8237f.256p.jpg.jpeg_crop_0.jpg,
fe414d3559a9bbb2e092ba5374f6e1ed.256p.jpg.jpeg,fe414d3559a9bbb2e092ba5374f6e1ed.256p.jpg.jpeg_crop_0.jpg,vengenc i sengeance
ff0463c9c1bab135e7d0be471295c5ee.256p.jpg.jpeg,ff0463c9c1bab135e7d0be471295c5ee.256p.jpg.jpeg_crop_0.jpg,
ff33ebb87ed9f5fa5f9c54d6d316ae82.256p.jpg.jpeg,ff33ebb87ed9f5fa5f9c54d6d316ae82.256p.jpg.jpeg_crop_0.jpg,msi buon
ff4b4e2c7f72b014f39f1864b19e7250.256p.jpg.jpeg,ff4b4e2c7f72b014f39f1864b19e7250.256p.jpg.jpeg_crop_0.jpg,f raon
fff84afccbfab3054a5a88963c4bb271.256p.jpg.jpeg,fff84afccbfab3054a5a88963c4bb271.256p.jpg.jpeg_crop_0.jpg,crucial
nav-case-2023.png,nav-case-2023.png_crop_0.jpg,s
nav-cpucooler-2023.png,nav-cpucooler-2023.png_crop_0.jpg,s
nav-memory-2023.png,nav-memory-2023.png_crop_0.jpg,pepartpicker
nav-motherboard-2023.png,nav-motherboard-2023.png_crop_0.jpg,
nav-powersupply-2023.png,nav-powersupply-2023.png_crop_0.jpg,
nav-ssd-2023.png,nav-ssd-2023.png_crop_0.jpg,
nav-videocard-2023.png,nav-videocard-2023.png_crop_0.jpg,
